Trade;UpdateTime;UpdatedDay;UpdatedTime;TradeTime;TradedDay;TradedTime;Desk;CapturedBy;TradeStatus;TraderId;Instrument;Reason;Nominal;FloatRef;LastResetDate;LastResetRate;Theta;Loss;Unexplained;EventTypeCategoryLevel1;BusinessLineLevel1;LossIndicator;exposure
26767684;19/03/2013 11:33:35 AM;19;0,481655093;07/03/2013 11:04:11 AM;7;0,4612384259;Equity;TECHSUPPORT;BO Confirmed;DIRECTOR;Swap;Client Request to Amend Economics of Deal;0;LIBOR;;0;12233,7051;8752614;0,502808973;EL4;BL2;1;12,02041667
22564229;16/01/2013 08:34:07 AM;16;0,357025463;04/01/2012 08:35:33 AM;4;0,3580208333;Derivatives;TECHSUPPORT;BO-BO Confirmed;ASSOCIATE;Bond;Calendar Related;0;Fixed;;0;923,04298;4852231;2723654,083;EL7;BL2;1;377,9990046
24693071;01/03/2013 02:59:31 PM;1;0,624664352;11/12/2012 02:30:02 PM;11;0,6041898148;MM;PROD ACCOUNTANT;BO Confirmed;DIRECTOR;Future/Forward;Early Termination / Delivery / Close out;132000000;JIBAR;11/12/2012;5,125;22098,772;4778224;-2,79E-09;EL1;BL2;1;80,02047454
3635227;19/03/2013 05:39:13 PM;19;0,73556713;20/11/2008 05:29:32 PM;20;0,7288425926;Rates;MIDOFFICE;BO-BO Confirmed;MNGDIRECTOR;Option;Capture Errors - Direction / Amount / Rate / CP;-184281;Missing;;0;2543,98196;4724912;1959856,193;EL7;BL2;1;1580,006725
26115297;28/02/2013 06:00:02 PM;28;0,750023148;20/02/2013 05:13:13 PM;20;0,7175115741;Equity;TECHSUPPORT;BO Confirmed;DIRECTOR;TotalReturnSwap;Calendar Related;0;Missing;;0;1495,050485;2745404;0,315480443;EL7;BL2;1;8,032511574
25966481;15/02/2013 04:13:29 PM;15;0,676030093;14/02/2013 12:00:00 PM;14;0,5000000000;MM;TECHSUPPORT;BO-BO Confirmed;VICE PRINCIPAL;SecurityLoan;Acquirer;50000000;Missing;;0;462,49742;2300991;-1,34E-07;EL1;BL2;1;1,176030093
25966235;15/02/2013 04:13:45 PM;15;0,676215278;14/02/2013 12:00:00 PM;14;0,5000000000;MM;TECHSUPPORT;BO-BO Confirmed;VICE PRINCIPAL;BuySellback;Acquirer;50000000;Fixed;;0;538,28067;2274620;-4,66E-10;EL1;BL2;1;1,176215278
25965946;15/02/2013 04:15:29 PM;15;0,677418981;14/02/2013 12:00:00 PM;14;0,5000000000;MM;TECHSUPPORT;BO-BO Confirmed;VICE PRINCIPAL;BuySellback;Acquirer;50000000;Fixed;;0;7088,0361;2265535;0;EL1;BL2;1;1,177418981
1988892;24/01/2013 10:57:48 AM;24;0,456805556;31/08/2011 05:00:24 PM;31;0,7086111111;SND;TECHSUPPORT;BO-BO Confirmed;MNGDIRECTOR;IndexLinkedSwap;CPI Fixings;0;Fixed;;6,25;15690,8619;1550244;243178,7043;EL6;BL3;1;511,7481944
12868852;30/01/2013 10:31:53 AM;30;0,43880787;19/09/2012 12:54:32 PM;19;0,5378703704;Bonds/Repos;TECHSUPPORT;BO-BO Confirmed;ANALYST;Call Deposit;Calendar Related;-11042908;JIBAR;20/12/2012;;;1458521;0,632066971;EL7;BL2;1;132,9009375
26300359;11/03/2013 09:18:21 AM;11;0,387743056;27/02/2013 12:00:00 PM;27;0,5000000000;Equity;TECHSUPPORT;BO Confirmed;DIRECTOR;Future/Forward;Trade enrichment for system flow;-67651;Missing;;0;279131,3524;1340586;0,85248407;EL7;BL2;1;11,88774306
14530589;24/01/2013 10:57:56 AM;24;0,456898148;07/04/2011 12:00:00 PM;7;0,5000000000;SND;TECHSUPPORT;BO-BO Confirmed;ASSOCIATE;IndexLinkedSwap;CPI Fixings;0;Fixed;;0;115443,516;1208009;62310,28113;EL6;BL3;1;657,9568981
2034247;24/01/2013 10:57:49 AM;24;0,45681713;16/05/2008 12:00:00 PM;16;0,5000000000;Rates;TECHSUPPORT;BO-BO Confirmed;MNGDIRECTOR;IndexLinkedSwap;CPI Fixings;0;Fixed;;3,55628745;14146,4233;1053766;173705,3849;EL6;BL2;1;1713,956817
14934901;04/01/2013 09:42:34 AM;4;0,404560185;04/01/2012 08:35:33 AM;4;0,3580208333;Rates;MIDOFFICE;BO-BO Confirmed;ANALYST;FRA;Calendar Related;3000000000;JIBAR;07/01/2013;0;-37045,3244;955214;1004,015404;EL7;BL2;1;366,0465394
25822925;28/02/2013 06:19:39 PM;28;0,763645833;07/02/2013 12:00:00 PM;7;0,5000000000;Bonds/Repos;MIDOFFICE;BO Confirmed;ANALYST;TotalReturnSwap;Capture Errors - Direction / Amount / Rate / CP;0;Fixed;;3,45;-127,561475;884886;-0,04696;EL7;BL2;1;21,26364583
18801551;22/01/2013 02:23:51 PM;22;0,599895833;25/10/2012 03:17:42 PM;25;0,6372916667;Equity;TECHSUPPORT;BO-BO Confirmed;DIRECTOR;Curr;Corrected NDEUSSA Reset Level;41251388;LIBOR;25/10/2012;0,31325;-62,1106;739986;0,539082362;EL6;BL2;1;88,96260417
23721420;28/02/2013 06:00:02 PM;28;0,750023148;17/10/2012 04:58:38 PM;17;0,7073842593;Equity;TECHSUPPORT;BO-BO Confirmed;DIRECTOR;TotalReturnSwap;Calendar Related;0;Missing;;0;-440,83695;727291;1,35E-05;EL7;BL2;1;134,0426389
874233;24/01/2013 01:19:36 PM;24;0,555277778;07/01/2013 01:34:21 PM;7;0,5655208333;Bonds/Repos;MIDOFFICE;BO-BO Confirmed;DIRECTOR;IndexLinkedSwap;Trade enrichment for system flow;3000000;Fixed;;;;681177;;EL7;BL2;1;16,98975694
25160003;11/01/2013 08:38:56 AM;11;0,36037037;04/01/2012 08:35:33 AM;4;0,3580208333;SND;TECHSUPPORT;BO Confirmed;ASSOCIATE;Deposit;Payments Related;0;Fixed;;13,366;111,463727;661202;2,01E-07;EL4;BL3;1;373,0023495
19119490;11/02/2013 09:30:49 AM;11;0,396400463;08/02/2012 12:00:00 PM;8;0,5000000000;Equity;TECHSUPPORT;BO-BO Confirmed;DIRECTOR;TotalReturnSwap;Corrected NDEUSSA Reset Level;25511400;LIBOR;13/11/2012;0,31;-997,96838;654987;0,459517962;EL6;BL2;1;368,8964005
24990367;25/02/2013 04:40:30 PM;25;0,694791667;27/12/2012 11:38:24 AM;27;0,4850000000;Equity;TECHSUPPORT;BO-BO Confirmed;DIRECTOR;TotalReturnSwap;Calendar Related;0;LIBOR;;0;1625,44004;647300;0;EL7;BL2;1;60,20979167
25774180;08/02/2013 08:47:33 AM;8;0,366354167;06/02/2013 04:27:02 PM;6;0,6854398148;Bonds/Repos;TECHSUPPORT;BO-BO Confirmed;ASSOCIATE;Other;Capture Errors - Direction / Amount / Rate / CP;-2390000;Fixed;;10,5;-136,095919;551496;7,94E-06;EL7;BL2;1;1,680914352
23968419;28/02/2013 06:00:02 PM;28;0,750023148;31/10/2012 05:51:08 PM;31;0,7438425926;Equity;TECHSUPPORT;BO-BO Confirmed;ASSOCIATE;TotalReturnSwap;Calendar Related;0;Missing;;0;-224,23732;549695;4,69E-06;EL7;BL2;1;120,0061806
22715927;12/03/2013 01:20:12 PM;12;0,555694444;31/08/2012 11:56:04 AM;31;0,4972685185;Bonds/Repos;MIDOFFICE;BO-BO Confirmed;DIRECTOR;Bond;Valuation Group Request;-5000000;Fixed;;9,88;-1245,19762;544724;235543,7613;EL7;BL2;1;193,0584259
24987118;04/03/2013 12:44:39 PM;4;0,531006944;28/12/2012 10:09:49 AM;28;0,4234837963;Equity;TECHSUPPORT;BO-BO Confirmed;DIRECTOR;Call Deposit;Capture Errors - Direction / Amount / Rate / CP;53557;LIBOR;24/12/2012;0,31;140,02636;528350;0,337464485;EL7;BL2;1;66,10752315
25161713;10/01/2013 12:46:57 PM;10;0,532604167;09/01/2013 04:34:20 PM;9;0,6905092593;Bonds/Repos;TECHSUPPORT;BO Confirmed;VICE PRINCIPAL;Future/Forward;Payments Related;-200000000;Missing;;0;-16857,49417;514950;11,42215367;EL4;BL2;1;0,842094907
19121901;11/02/2013 09:44:28 AM;11;0,40587963;08/02/2013 01:29:35 PM;8;0,5622106481;Equity;TECHSUPPORT;BO-BO Confirmed;DIRECTOR;TotalReturnSwap;Corrected NDEUSSA Reset Level;19747865;LIBOR;13/11/2012;0,31;-772,50735;507012;0,355714537;EL6;BL2;1;2,843668981
13246350;27/02/2013 03:44:02 PM;27;0,655578704;20/01/2011 02:49:28 PM;20;0,6176851852;Derivatives;MIDOFFICE;BO Confirmed;ASSOCIATE;Bond;Payments Related;2000000;Fixed;;5,75;0;493762;0;EL4;BL2;1;769,0378935
8437980;06/02/2013 05:40:59 PM;6;0,736793981;08/11/2012 09:10:57 AM;8;0,3826041667;Bonds/Repos;MIDOFFICE;BO-BO Confirmed;MNGDIRECTOR;Bond;Capture Errors - Direction / Amount / Rate / CP;1069400;JIBAR;13/12/2012;5,125;223,84149;404016;15,55706801;EL7;BL2;1;90,35418981
18559756;20/02/2013 02:11:20 PM;20;0,591203704;04/01/2012 03:22:59 PM;4;0,6409606481;Equity;TECHSUPPORT;BO Confirmed;ANALYST;Swap;Capture Errors - Direction / Amount / Rate / CP;0;Fixed;;1;-164,43432;399626;0,002604704;EL7;BL2;1;412,9502431
2959807;05/03/2013 04:39:44 PM;5;0,694259259;31/10/2007 12:00:00 PM;31;0,5000000000;MM;PROD ACCOUNTANT;BO Confirmed;MNGDIRECTOR;SecurityLoan;Early Termination / Delivery / Close out;2628685914;JIBAR;22/01/2013;5,081;395455,18;395455;0;EL1;BL4;1;1952,194259
26703594;15/03/2013 06:13:32 PM;15;0,759398148;14/03/2013 12:58:39 PM;14;0,5407291667;Rates;UNAUTHORISED;BO Confirmed;VICE PRINCIPAL;Swap;Valuation Group Request;0;Fixed;;;;393556;675,3759518;EL7;BL2;1;1,218668981
24814018;04/01/2013 01:46:30 PM;4;0,573958333;18/02/2010 12:33:12 PM;18;0,5230555556;Rates;TECHSUPPORT;BO-BO Confirmed;VICE PRINCIPAL;CurrSwap;Calendar Related;-65222978;Fixed;;10,92;-2553,8249;383855;-7,053941787;EL7;BL2;1;1051,050903
26238158;28/02/2013 06:19:32 PM;28;0,763564815;26/02/2013 12:00:00 PM;26;0,5000000000;Bonds/Repos;MIDOFFICE;BO Confirmed;ANALYST;TotalReturnSwap;Capture Errors - Direction / Amount / Rate / CP;0;Fixed;;5,5;-24,984955;364687;-0,004885;EL7;BL2;1;2,263564815
24859517;14/01/2013 05:27:59 PM;14;0,727766204;01/10/2012 02:57:47 PM;1;0,6234606481;MM;TECHSUPPORT;BO Confirmed;DIRECTOR;Deposit;Payments Related;176067282;JIBAR;03/01/2013;5,119;82037,706;322113;7,97E-09;EL4;BL2;1;105,1043056
19134587;11/02/2013 09:30:29 AM;11;0,396168981;08/02/2012 12:00:00 PM;8;0,5000000000;Equity;TECHSUPPORT;BO-BO Confirmed;DIRECTOR;Other;Corrected NDEUSSA Reset Level;11385228;LIBOR;13/11/2012;0,31;-390,12336;292308;-0,27732479;EL6;BL2;1;368,896169
20796166;04/03/2013 03:31:42 PM;4;0,647013889;22/05/2012 01:35:59 PM;22;0,5666550926;Management/Other;PROD ACCOUNTANT;BO Confirmed;MNGDIRECTOR;ETF;Early Termination / Delivery / Close out;2144709;Fixed;;8;80088,461;285549;-23,93996556;EL1;BL4;1;286,0803588
26300773;11/03/2013 09:18:44 AM;11;0,388009259;27/02/2013 04:21:15 PM;27;0,6814236111;Equity;TECHSUPPORT;BO Confirmed;DIRECTOR;Future/Forward;Trade enrichment for system flow;-25814;Missing;;0;62538,62192;282076;0,195266274;EL7;BL2;1;11,70658565
21591360;15/01/2013 03:26:38 PM;15;0,64349537;28/10/2010 04:53:36 PM;28;0,7038888889;Africa;PROD ACCOUNTANT;BO-BO Confirmed;VICE PRINCIPAL;Swap;Payments Related;0;Fixed;;0;-91,052866;273221;-5,608529766;EL7;BL3;1;809,9396065
26158616;22/02/2013 10:43:37 AM;22;0,446956019;21/02/2013 05:10:12 PM;21;0,7154166667;Rates;TECHSUPPORT;BO Confirmed;VICE PRINCIPAL;Option;Trade enrichment for system flow;0;JIBAR;;;;257264;-39,24888524;EL1;BL2;1;0,731539352
25988877;18/02/2013 04:23:50 PM;18;0,683217593;15/02/2013 10:00:34 AM;15;0,4170601852;Africa;TECHSUPPORT;BO Confirmed;VICE PRINCIPAL;Repo/Reverse;Calendar Related;25000000;Fixed;;8;7739,6745;234044;-0,05386641;EL7;BL2;1;3,266157407
16333728;27/02/2013 05:45:32 PM;27;0,739953704;17/08/2011 05:23:16 PM;17;0,7244907407;Equity;TECHSUPPORT;BO Confirmed;VICE PRINCIPAL;Stock;Portfolio Move / Restructure;0;Fixed;;1;-7,9005698;209355;-0,105754077;EL1;BL2;1;560,015463
9692016;06/02/2013 01:52:49 PM;6;0,578344907;19/12/2006 09:22:29 AM;19;0,3906134259;SND;TECHSUPPORT;BO-BO Confirmed;ASSOCIATE;CreditDefaultSwap;Payments Related;0;Missing;;0;-220,4572048;202886;17,56164435;EL7;BL3;1;2241,187731
977700;06/02/2013 02:15:40 PM;6;0,594212963;30/03/2012 03:53:03 PM;30;0,6618402778;Derivatives;TECHSUPPORT;BO-BO Confirmed;VICE PRINCIPAL;Swap;Payments Related;0;Missing;;;;202886;;EL7;BL2;1;312,9323727
26674850;18/03/2013 10:59:46 AM;18;0,458171296;13/03/2013 02:36:36 PM;13;0,6087500000;Rates;TECHSUPPORT;BO Confirmed;DIRECTOR;IndexLinkedSwap;Trade enrichment for system flow;-5000000;Missing;;0;-1,96018746;201208;2071,747133;EL1;BL2;1;4,849421296
16351974;13/02/2013 05:16:08 PM;13;0,719537037;07/03/2011 12:00:00 PM;7;0,5000000000;Rates;TECHSUPPORT;Terminated;AMBA;Swap;Tri-Optima;580000000;JIBAR;19/11/2012;5,075;-71423,9167;189599;-799,892361;EL7;BL2;1;709,219537
26041040;06/03/2013 06:50:52 PM;6;0,785324074;18/02/2013 01:13:39 PM;18;0,5511458333;Africa;PROD ACCOUNTANT;BO-BO Confirmed;MNGDIRECTOR;Bond;Operations request to change Economics of Trade;15000000;Fixed;;10;19157,9752;182635;0,862681423;EL1;BL3;1;16,23417824
23154064;30/01/2013 10:36:22 AM;30;0,441921296;14/01/2013 11:43:56 AM;14;0,4888425926;Derivatives;MIDOFFICE;BO Confirmed;MNGDIRECTOR;FRN;Payments Related;0;Fixed;;0;-0,789186;176428;0,189827831;EL4;BL4;1;15,9530787
24655071;06/03/2013 02:06:13 PM;6;0,587650463;10/12/2012 12:00:00 PM;10;0,5000000000;Equity;TECHSUPPORT;BO-BO Confirmed;DIRECTOR;TotalReturnSwap;Corrected NDEUSSA Reset Level;0;LIBOR;;0;-1,7288188;174720;-2,912751461;EL7;BL2;1;86,08765046
23154064;22/02/2013 04:06:08 PM;22;0,670925926;19/09/2012 12:54:32 PM;19;0,5378703704;Derivatives;MIDOFFICE;BO Confirmed;MNGDIRECTOR;Other;Calendar Related;0;Fixed;;0;-113,003295;172952;0,074853026;EL7;BL4;1;156,1330556
1031181;24/01/2013 10:57:48 AM;24;0,456805556;12/02/2008 08:01:25 AM;12;0,3343171296;SND;TECHSUPPORT;BO-BO Confirmed;ASSOCIATE;IndexLinkedBond;CPI Fixings;0;Fixed;;3,65;2876,0763;166002;27286,3807;EL6;BL3;1;1808,122488
23154064;15/01/2013 10:30:01 AM;15;0,437511574;18/02/2010 12:33:12 PM;18;0,5230555556;Derivatives;TECHSUPPORT;BO Confirmed;MNGDIRECTOR;Swap;Payments Related;0;Fixed;;0;-0,000578;165000;-0,300210926;EL4;BL4;1;1061,914456
23154064;06/03/2013 01:04:06 PM;6;0,544513889;19/09/2012 12:54:32 PM;19;0,5378703704;Derivatives;MIDOFFICE;BO Confirmed;MNGDIRECTOR;SecurityLoan;Payments Related;0;Fixed;;0;-0,015129;156946;0,417656091;EL4;BL4;1;168,0066435
23154064;12/02/2013 05:04:58 PM;12;0,711782407;19/09/2012 12:54:32 PM;19;0,5378703704;Derivatives;MIDOFFICE;BO Confirmed;MNGDIRECTOR;Repo/Reverse;Payments Related;0;Fixed;;0;-0,006114;149383;-0,39876659;EL4;BL4;1;146,173912
26342026;06/03/2013 03:49:44 PM;6;0,659537037;28/02/2013 12:00:00 PM;28;0,5000000000;Prime Services;TECHSUPPORT;Terminated;AMBA;Swap;Capture Errors - Direction / Amount / Rate / CP;-33800000;JIBAR;06/02/2013;5,081;1697,835177;135200;1,22625537;EL4;BL2;1;6,159537037
26041301;06/03/2013 06:49:27 PM;6;0,784340278;18/02/2013 01:19:46 PM;18;0,5553935185;Africa;PROD ACCOUNTANT;BO-BO Confirmed;MNGDIRECTOR;Bond;Operations request to change Economics of Trade;10000000;Fixed;;11;10114,4061;133932;-0,562575735;EL1;BL3;1;16,22894676
1582869;01/02/2013 11:57:41 AM;1;0,498391204;29/12/2006 12:00:00 PM;29;0,5000000000;MM;UNAUTHORISED;BO Confirmed;DIRECTOR;Other;System Update Call Accounts;0;Missing;01/02/2013;4,5;8,00E-05;126492;0;EL6;BL5;1;2225,998391
24905115;28/01/2013 04:37:03 PM;28;0,692395833;04/01/2012 03:22:59 PM;4;0,6409606481;MM;PROD ACCOUNTANT;BO Confirmed;DIRECTOR;Deposit;Capture Errors - Direction / Amount / Rate / CP;100000000;PRIME;20/12/2012;8,5;47013,699;125370;-7,22E-09;EL7;BL2;1;390,0514352
22963053;14/01/2013 09:33:05 AM;14;0,397974537;24/04/2012 09:41:16 AM;24;0,4036574074;MM;PROD CONTROLLER;BO Confirmed;VICE PRINCIPAL;Deposit;Brokerage Related;100000000;Fixed;;0,7;0;104614;0;EL7;BL2;1;264,9943171
4621569;24/01/2013 11:13:11 AM;24;0,467488426;10/05/2011 05:42:15 PM;10;0,7376736111;SND;TECHSUPPORT;BO-BO Confirmed;ASSOCIATE;IndexLinkedSwap;CPI Fixings;-100573126;JIBAR;20/11/2012;5,075;7222,75082;102550;15805,06022;EL6;BL3;1;624,7298148
24595818;17/01/2013 02:41:29 PM;17;0,612141204;18/02/2010 12:33:12 PM;18;0,5230555556;Commodities;PROD CONTROLLER;BO-BO Confirmed;MNGDIRECTOR;IndexLinkedSwap;Calendar Related;-300;Missing;;0;348,2549901;98820;1,00E-08;EL7;BL2;1;1064,089086
25655331;08/02/2013 08:36:29 AM;8;0,358668981;04/01/2012 08:35:33 AM;4;0,3580208333;Equity;TECHSUPPORT;BO Confirmed;ANALYST;Other;Trade enrichment for system flow;0;Missing;01/02/2013;4,895;0;96412;0;EL7;BL2;1;401,0006481
24403390;09/01/2013 04:26:52 PM;9;0,685324074;21/12/2012 12:00:00 PM;21;0,5000000000;SND;TECHSUPPORT;BO Confirmed;ANALYST;Swap;Payments Related;0;JIBAR;;0;0;94904;0,0259977;EL4;BL3;1;19,18532407
3635227;20/03/2013 05:21:20 PM;20;0,723148148;20/11/2008 05:29:32 PM;20;0,7288425926;Rates;TECHSUPPORT;BO-BO Confirmed;MNGDIRECTOR;FRA;Trade enrichment for system flow;-184281;Fixed;;0;2121,814846;94414;-901,2673993;EL1;BL2;1;1580,994306
25743300;08/02/2013 09:58:37 AM;8;0,415706019;08/02/2012 12:00:00 PM;8;0,5000000000;Bonds/Repos;PROD CONTROLLER;BO-BO Confirmed;VICE PRINCIPAL;Other;Calendar Related;0;Fixed;;4,9;-73469,322;93523;0;EL7;BL2;1;365,915706
24950312;27/02/2013 09:26:39 AM;27;0,393506944;24/12/2012 09:36:01 AM;24;0,4000115741;Commodities;PROD CONTROLLER;BO Confirmed;AMBA;Other;Capture Errors - Direction / Amount / Rate / CP;1000;Missing;;0;94712,52022;92795;0,589901037;EL7;BL2;1;64,99349537
25083473;11/01/2013 01:55:52 PM;11;0,580462963;10/01/2013 12:23:06 PM;10;0,5160416667;Rates;TECHSUPPORT;BO Confirmed;MNGDIRECTOR;CurrSwap;Trade enrichment for system flow;-86260000;JIBAR;08/01/2013;5,106;-10409,1263;87427;87162,73521;EL1;BL2;1;1,064421296
25416527;23/01/2013 03:10:49 PM;23;0,632511574;25/09/2012 03:03:18 PM;25;0,6272916667;Equity;TECHSUPPORT;BO Confirmed;DIRECTOR;SecurityLoan;Corrected NDEUSSA Reset Level;0;LIBOR;;0;182,873;86987;-296,8020854;EL6;BL2;1;120,0052199
23366970;05/03/2013 02:55:33 PM;5;0,621909722;01/10/2012 12:00:00 PM;1;0,5000000000;Prime Services;PROD CONTROLLER;BO Confirmed;ANALYST;SecurityLoan;Early Termination / Delivery / Close out;874720000;Fixed;;0;14856,18056;85377;-8,04E-06;EL6;BL6;1;155,1219097
5277603;23/01/2013 03:24:14 PM;23;0,641828704;17/04/2009 02:50:29 PM;17;0,6183912037;Rates;MIDOFFICE;BO-BO Confirmed;MNGDIRECTOR;Curr;Calendar Related;-377808793;JIBAR;18/12/2012;5,125;31100,7204;84408;3104,100605;EL7;BL2;1;1377,023438
1582631;01/02/2013 03:40:32 PM;1;0,653148148;09/11/2012 12:00:00 PM;9;0,5000000000;MM;UNAUTHORISED;BO Confirmed;DIRECTOR;Deposit;System Update Call Accounts;0;Missing;;;;83548;;EL6;BL5;1;84,15314815
23613375;14/01/2013 12:06:37 PM;14;0,504594907;01/10/2012 11:16:12 AM;1;0,4695833333;Equity;TECHSUPPORT;BO-BO Confirmed;DIRECTOR;TotalReturnSwap;Corrected NDEUSSA Reset Level;11067308;LIBOR;16/10/2012;0,32475;22096,83905;81498;34,38416582;EL6;BL2;1;105,0350116
26127118;27/02/2013 11:31:21 AM;27;0,480104167;21/02/2013 11:03:26 AM;21;0,4607175926;Bonds/Repos;PROD CONTROLLER;BO-BO Confirmed;VICE PRINCIPAL;Other;Capture Errors - Direction / Amount / Rate / CP;0;Fixed;;4,85;-45890,938;81008;0;EL7;BL2;1;6,019386574
23562591;24/01/2013 04:03:34 PM;24;0,669143519;09/10/2012 08:14:37 AM;9;0,3434837963;MM;TECHSUPPORT;BO Confirmed;DIRECTOR;Deposit;Client Request to Amend Economics of Deal;433775709;JIBAR;03/12/2012;5,125;78139,049;78139;-3,73E-09;EL4;BL4;1;107,3256597
23553790;24/01/2013 04:27:20 PM;24;0,685648148;24/01/2013 10:53:50 AM;24;0,4540509259;SND;TECHSUPPORT;BO Confirmed;ASSOCIATE;Deposit;Client Request to Amend Economics of Deal;433775709;JIBAR;03/12/2012;5,125;77544,836;77545;2,51E-08;EL4;BL3;1;0,231597222
21589648;08/02/2013 03:31:34 PM;8;0,646921296;06/02/2013 03:59:38 PM;6;0,6664120370;Management/Other;TECHSUPPORT;BO-BO Confirmed;ASSOCIATE;Bond;Calendar Related;500005892;Missing;03/07/2012;5,05;69826,348;76941;0;EL7;BL9;1;1,980509259
25711237;01/03/2013 12:17:40 PM;1;0,512268519;01/02/2013 12:00:00 PM;1;0,5000000000;Commodities;PROD CONTROLLER;BO-BO Confirmed;DIRECTOR;Bond;Capture Errors - Direction / Amount / Rate / CP;6;Missing;;0;-0,156711;75005;-6722,837602;EL7;BL2;1;28,01226852
19048988;07/02/2013 09:57:17 AM;7;0,414780093;04/01/2012 08:35:33 AM;4;0,3580208333;Equity;TECHSUPPORT;BO-BO Confirmed;DIRECTOR;Call Deposit;Corrected NDEUSSA Reset Level;7604610;LIBOR;09/11/2012;0,31;136,657968;73853;0,88767756;EL6;BL2;1;400,0567593
19142428;12/02/2013 11:15:39 AM;12;0,469201389;09/02/2012 12:00:00 PM;9;0,5000000000;Equity;TECHSUPPORT;BO-BO Confirmed;DIRECTOR;Call Deposit;Corrected NDEUSSA Reset Level;0;Missing;;0;-41,13756;73166;-0,166135645;EL6;BL2;1;368,9692014
24094814;05/03/2013 04:58:15 PM;5;0,707118056;08/11/2012 09:10:57 AM;8;0,3826041667;Bonds/Repos;TECHSUPPORT;BO-BO Confirmed;ANALYST;Other;Capture Errors - Direction / Amount / Rate / CP;60000000;Fixed;;3,45;0;71076;0;EL7;BL2;1;117,3245139
23334005;21/02/2013 10:52:12 AM;21;0,452916667;27/09/2012 04:10:47 PM;27;0,6741550926;SND;TECHSUPPORT;BO-BO Confirmed;ASSOCIATE;IndexLinkedSwap;CPI Fixings;0;Fixed;;6,25;13433,764;69964;-0,004431218;EL6;BL3;1;146,7787616
23337622;21/02/2013 10:52:12 AM;21;0,452916667;27/09/2012 05:21:13 PM;27;0,7230671296;Rates;TECHSUPPORT;BO-BO Confirmed;VICE PRINCIPAL;Other;CPI Fixings;0;Fixed;;6,25;-6749,25283;69964;82,92968034;EL6;BL2;1;146,7298495
25479899;14/03/2013 05:02:25 PM;14;0,710011574;24/01/2013 12:00:00 PM;24;0,5000000000;MM;PROD ACCOUNTANT;BO Confirmed;DIRECTOR;Other;Early Termination / Delivery / Close out;384607148;JIBAR;01/03/2013;5,083;68839,411;68839;2,14E-08;EL1;BL4;1;49,21001157
25498662;29/01/2013 04:19:46 PM;29;0,680393519;21/12/2012 03:38:32 PM;21;0,6517592593;MM;TECHSUPPORT;BO Confirmed;DIRECTOR;Other;Capture Errors - Direction / Amount / Rate / CP;0;Fixed;;0;-11728,41133;67601;-0,406138;EL7;BL2;1;39,02863426
22310500;05/03/2013 03:35:05 PM;5;0,649363426;07/08/2012 02:20:11 PM;7;0,5973495370;MM;PROD ACCOUNTANT;BO Confirmed;DIRECTOR;SecurityLoan;Early Termination / Delivery / Close out;448473150;JIBAR;01/02/2013;5,081;66730,347;66730;-1,49E-08;EL1;BL4;1;210,0520139
26341688;06/03/2013 03:49:44 PM;6;0,659537037;28/02/2013 12:00:00 PM;28;0,5000000000;Prime Services;TECHSUPPORT;Terminated;AMBA;Swap;Capture Errors - Direction / Amount / Rate / CP;-16200000;JIBAR;06/02/2013;5,081;813,7553218;64800;0,467159688;EL4;BL2;1;6,159537037
25477232;28/01/2013 03:07:05 PM;28;0,629918981;23/01/2013 10:53:50 AM;23;0,4540509259;Rates;TECHSUPPORT;BO Confirmed;DIRECTOR;SecurityLoan;Calendar Related;0;Fixed;;0,685;-1864,185553;63682;142,9922259;EL7;BL2;1;5,175868056
26238228;28/02/2013 06:19:27 PM;28;0,763506944;26/02/2013 12:00:00 PM;26;0,5000000000;Bonds/Repos;MIDOFFICE;BO Confirmed;ANALYST;TotalReturnSwap;Capture Errors - Direction / Amount / Rate / CP;0;Fixed;;2,5;10,9790815;62760;0;EL7;BL2;1;2,263506944
25498322;29/01/2013 04:13:57 PM;29;0,676354167;25/01/2013 03:03:15 PM;25;0,6272569444;MM;TECHSUPPORT;BO Confirmed;DIRECTOR;Bill;Capture Errors - Direction / Amount / Rate / CP;0;Fixed;;0;-11356,32297;60119;-0,000701575;EL7;BL2;1;4,049097222
1582631;22/02/2013 02:45:21 PM;22;0,614826389;29/12/2006 12:00:00 PM;29;0,5000000000;MM;UNAUTHORISED;BO Confirmed;DIRECTOR;Other;Capture Errors - Direction / Amount / Rate / CP;0;Missing;;;;59342;;EL7;BL5;1;2247,114826
1582631;15/03/2013 02:45:23 PM;15;0,614849537;29/12/2006 12:00:00 PM;29;0,5000000000;MM;UNAUTHORISED;BO Confirmed;DIRECTOR;Future/Forward;System Update Call Accounts;0;Missing;01/03/2013;4,75;0;58822;0;EL6;BL5;1;2268,11485
23577534;14/01/2013 11:34:42 AM;14;0,482430556;10/05/2011 12:00:00 PM;10;0,5000000000;Derivatives;TECHSUPPORT;BO-BO Confirmed;ASSOCIATE;Repo/Reverse;Payments Related;38874150;Fixed;;5,5;0;57467;0;EL4;BL1;1;614,9824306
24089193;03/01/2013 03:07:38 PM;3;0,630300926;27/12/2012 11:38:24 AM;27;0,4850000000;Derivatives;TECHSUPPORT;BO-BO Confirmed;ANALYST;Swap;Payments Related;0;Fixed;;0;0;57000;0;EL4;BL1;1;7,145300926
19138635;12/02/2013 12:01:14 PM;12;0,500856481;18/02/2010 12:33:12 PM;18;0,5230555556;Equity;TECHSUPPORT;BO-BO Confirmed;DIRECTOR;TotalReturnSwap;Corrected NDEUSSA Reset Level;19635279;LIBOR;15/11/2012;0,311;-31,84458;56638;-0,983117063;EL6;BL2;1;1089,977801
26159451;12/03/2013 01:20:03 PM;12;0,555590278;21/02/2013 06:30:15 PM;21;0,7710069444;Derivatives;MIDOFFICE;BO-BO Confirmed;ANALYST;BuySellback;Valuation Group Request;-390000;Fixed;;8,8;-92,042828;56383;50703,3517;EL7;BL1;1;18,78458333
14750178;21/02/2013 11:04:06 AM;21;0,461180556;10/05/2011 02:22:37 PM;10;0,5990393519;SND;TECHSUPPORT;BO-BO Confirmed;ASSOCIATE;IndexLinkedSwap;CPI Fixings;0;Fixed;;0;-6905,74851;56314;1,507077406;EL6;BL3;1;652,8621412
14782165;24/01/2013 10:57:56 AM;24;0,456898148;19/04/2011 12:00:00 PM;19;0,5000000000;SND;TECHSUPPORT;BO-BO Confirmed;ASSOCIATE;IndexLinkedSwap;CPI Fixings;0;Fixed;;0;11557,6041;54911;8476,155669;EL6;BL3;1;645,9568981
24577320;07/01/2013 10:29:44 AM;7;0,437314815;04/01/2013 05:35:32 PM;4;0,7330092593;Prime Services;PROD CONTROLLER;BO Confirmed;ANALYST;SecurityLoan;Early Termination / Delivery / Close out;0;Missing;;0;3147,025384;53499;0;EL6;BL6;1;2,704305556
25183771;21/02/2013 05:51:01 PM;21;0,743761574;10/01/2013 03:15:49 PM;10;0,6359837963;MM;PROD ACCOUNTANT;BO Confirmed;VICE PRINCIPAL;Swap;Early Termination / Delivery / Close out;318673024;JIBAR;10/01/2013;5,094;47093,762;47094;8,85E-09;EL1;BL4;1;42,10777778
20188905;02/01/2013 12:31:49 PM;2;0,522094907;13/04/2012 12:00:00 PM;13;0,5000000000;Commodities;TECHSUPPORT;BO-BO Confirmed;DIRECTOR;Future/Forward;Payments Related;-1;Missing;;0;-12,0089052;45040;-231,0077225;EL4;BL2;1;264,0220949
26062730;20/02/2013 01:20:48 PM;20;0,556111111;19/02/2013 11:12:30 AM;19;0,4670138889;Commodities;PROD CONTROLLER;BO Confirmed;MNGDIRECTOR;IndexLinkedSwap;Capture Errors - Direction / Amount / Rate / CP;-8065900;Missing;;;;44543;0,414833987;EL7;BL2;1;1,089097222
16342532;13/02/2013 05:18:17 PM;13;0,721030093;18/08/2011 12:00:00 PM;18;0,5000000000;Rates;TECHSUPPORT;Terminated;AMBA;Swap;Tri-Optima;500000000;JIBAR;19/11/2012;5,075;-54929,5133;43933;-1047,157157;EL7;BL2;1;545,2210301
23697406;06/03/2013 09:44:19 AM;6;0,405775463;16/10/2012 04:53:12 PM;16;0,7036111111;Commodities;PROD CONTROLLER;BO-BO Confirmed;ANALYST;Other;Payments Related;0;Missing;;0;-8,30E-05;43182;-1,171241286;EL4;BL2;1;140,7021644
24655071;08/03/2013 05:18:12 PM;8;0,720972222;10/12/2012 12:00:00 PM;10;0,5000000000;Equity;TECHSUPPORT;BO-BO Confirmed;DIRECTOR;TotalReturnSwap;Corrected NDEUSSA Reset Level;0;LIBOR;;0;-32,6179196;43105;7378,507356;EL6;BL2;1;88,22097222
24891413;11/01/2013 03:05:37 PM;11;0,628900463;10/01/2013 04:39:52 PM;10;0,6943518519;Rates;TECHSUPPORT;BO Confirmed;ANALYST;Swap;Trade enrichment for system flow;-42000000;JIBAR;18/12/2012;5,125;-22,4235302;41857;41876,8136;EL1;BL2;1;0,934548611
23613409;14/01/2013 11:56:01 AM;14;0,497233796;11/10/2012 12:00:00 PM;11;0,5000000000;Equity;TECHSUPPORT;BO-BO Confirmed;DIRECTOR;TotalReturnSwap;Corrected NDEUSSA Reset Level;0;Missing;;0;10750,72264;39684;16,74996795;EL6;BL2;1;94,9972338
15794385;14/02/2013 08:39:15 AM;14;0,360590278;13/02/2013 10:57:56 AM;13;0,4568981481;Rates;TECHSUPPORT;Terminated;AMBA;Swap;Tri-Optima;-550000000;JIBAR;21/01/2013;5,081;-1120,30562;39280;-392,2142286;EL7;BL2;1;0,90369213
25236702;18/02/2013 11:04:57 AM;18;0,461770833;14/01/2013 03:23:15 PM;14;0,6411458333;Derivatives;MIDOFFICE;BO-BO Confirmed;ASSOCIATE;TotalReturnSwap;Calendar Related;250000000;Fixed;;5,494;0;37630;0;EL7;BL4;1;34,820625
16373500;13/02/2013 05:16:45 PM;13;0,719965278;15/04/2011 12:00:00 PM;15;0,5000000000;Rates;TECHSUPPORT;Terminated;AMBA;Swap;Tri-Optima;450000000;JIBAR;19/11/2012;5,075;-54914,7949;36925;-620,6833112;EL7;BL2;1;670,2199653
24275191;10/01/2013 04:53:26 PM;10;0,703773148;19/11/2012 10:53:41 AM;19;0,4539467593;SND;TECHSUPPORT;BO Confirmed;ASSOCIATE;Deposit;Trade Restructure;243095437;JIBAR;19/11/2012;5,075;35798,3;35798;-7,45E-09;EL1;BL7;1;52,24982639
1582692;15/03/2013 11:52:01 AM;15;0,494456019;29/12/2006 12:00:00 PM;29;0,5000000000;MM;UNAUTHORISED;BO Confirmed;DIRECTOR;Swap;System Update Call Accounts;0;Missing;01/03/2013;4,8;-0,001000017;34849;0;EL6;BL5;1;2267,994456
25140638;26/02/2013 12:23:49 PM;26;0,516539352;09/01/2013 07:44:39 AM;9;0,3226736111;Commodities;PROD CONTROLLER;BO Confirmed;DIRECTOR;Future/Forward;Payments Related;0;Missing;;0;0;34349;0;EL4;BL2;1;48,19386574
11744908;15/03/2013 05:56:23 PM;15;0,747488426;28/09/2010 01:37:26 PM;28;0,5676620370;Equity;TECHSUPPORT;BO Confirmed;DIRECTOR;EquityIndex;Capture Errors - Direction / Amount / Rate / CP;-438;Missing;;0;4171,4946;33222;-242,7147433;EL7;BL2;1;899,1798264
25446291;24/01/2013 03:20:28 PM;24;0,639212963;09/10/2012 12:39:40 PM;9;0,5275462963;Bonds/Repos;TECHSUPPORT;BO-BO Confirmed;ASSOCIATE;Bond;Capture Errors - Direction / Amount / Rate / CP;-12500000;Fixed;;8,75;-1277,511876;33049;-0,76316508;EL7;BL2;1;107,1116667
1582631;08/02/2013 03:28:10 PM;8;0,644560185;06/02/2013 03:59:38 PM;6;0,6664120370;MM;UNAUTHORISED;BO Confirmed;DIRECTOR;Other;System Update Call Accounts;0;Missing;;;;32274;;EL6;BL5;1;1,978148148
24655069;08/03/2013 05:19:17 PM;8;0,721724537;10/12/2012 12:00:00 PM;10;0,5000000000;Equity;TECHSUPPORT;BO-BO Confirmed;DIRECTOR;TotalReturnSwap;Corrected NDEUSSA Reset Level;0;LIBOR;;0;-11,676158;32151;39997,10451;EL6;BL2;1;88,22172454
16568410;24/01/2013 11:02:00 AM;24;0,459722222;02/12/2010 09:44:15 AM;2;0,4057291667;Bonds/Repos;TECHSUPPORT;BO-BO Confirmed;ANALYST;IndexLinkedBond;CPI Fixings;0;Fixed;;6,25;1102,20715;32038;5025,651437;EL6;BL2;1;784,0539931
25372642;30/01/2013 01:23:49 PM;30;0,558206019;25/01/2013 02:52:14 PM;25;0,6196064815;Bonds/Repos;TECHSUPPORT;BO-BO Confirmed;VICE PRINCIPAL;Deposit;Calendar Related;-36000000;Missing;;0;0;31406;0;EL7;BL2;1;4,938599537
15014494;24/01/2013 10:57:57 AM;24;0,456909722;25/06/2012 02:55:01 PM;25;0,6215393519;SND;TECHSUPPORT;BO-BO Confirmed;ASSOCIATE;IndexLinkedSwap;CPI Fixings;0;Fixed;;2,6;141761,358;30545;5402,758447;EL6;BL3;1;212,8353704
25176916;11/01/2013 02:50:46 PM;11;0,618587963;29/12/2006 12:00:00 PM;29;0,5000000000;Rates;TECHSUPPORT;BO-BO Confirmed;DIRECTOR;Bond;Capture Errors - Direction / Amount / Rate / CP;35500000;Fixed;;6,5;2547,267172;29743;33822,84694;EL7;BL2;1;2205,118588
23498991;14/01/2013 08:05:02 AM;14;0,336828704;04/01/2012 08:35:33 AM;4;0,3580208333;Equity;TECHSUPPORT;BO Confirmed;ASSOCIATE;TotalReturnSwap;Calendar Related;0;Missing;;0;0;29210;22670,6038;EL7;BL2;1;375,9788079
26245161;28/02/2013 06:19:21 PM;28;0,7634375;26/02/2013 12:00:00 PM;26;0,5000000000;Bonds/Repos;MIDOFFICE;BO Confirmed;ANALYST;Deposit;Capture Errors - Direction / Amount / Rate / CP;0;Fixed;;5,5;-2,0622697;29154;0;EL7;BL2;1;2,2634375
25167260;14/01/2013 08:51:30 AM;14;0,369097222;12/12/2012 05:16:05 PM;12;0,7195023148;Rates;PROD CONTROLLER;BO-BO Confirmed;VICE PRINCIPAL;IndexLinkedBond;Calendar Related;0;Fixed;;2,75;-28933,92384;29006;-0,000109008;EL7;BL2;1;32,64959491
24275232;10/01/2013 05:04:06 PM;10;0,711180556;26/09/2012 05:03:51 PM;26;0,7110069444;SND;TECHSUPPORT;BO Confirmed;ASSOCIATE;Deposit;Trade Restructure;198875744;JIBAR;02/01/2013;5,013;28948,68;28949;1,09E-08;EL1;BL7;1;106,0001736
14836912;13/02/2013 05:15:43 PM;13;0,719247685;25/05/2011 12:00:00 PM;25;0,5000000000;Rates;TECHSUPPORT;Terminated;AMBA;Swap;Tri-Optima;-100000000;JIBAR;16/11/2012;5,075;14909,3446;28745;121,7803009;EL7;BL2;1;630,2192477
1582631;15/02/2013 02:48:00 PM;15;0,616666667;29/12/2006 12:00:00 PM;29;0,5000000000;MM;UNAUTHORISED;BO Confirmed;DIRECTOR;Other;System Update Call Accounts;0;Missing;;;;28240;;EL6;BL5;1;2240,116667
25183499;14/01/2013 09:58:31 AM;14;0,415636574;08/01/2013 11:32:03 AM;8;0,4805902778;Equity;TECHSUPPORT;BO Confirmed;DIRECTOR;TotalReturnSwap;Trade enrichment for system flow;0;LIBOR;;0;8446,601193;27927;9,505887707;EL7;BL2;1;5,935046296
24891414;11/01/2013 04:01:17 PM;11;0,66755787;04/10/2012 02:45:13 PM;4;0,6147337963;Rates;TECHSUPPORT;BO Confirmed;ANALYST;Swap;Trade enrichment for system flow;-28000000;JIBAR;18/12/2012;5,125;-14,9490201;27905;27917,87573;EL1;BL2;1;99,05282407
14744594;21/02/2013 11:03:17 AM;21;0,460613426;10/05/2011 10:36:18 AM;10;0,4418750000;SND;TECHSUPPORT;BO-BO Confirmed;ASSOCIATE;IndexLinkedSwap;CPI Fixings;0;Fixed;;0;-4026,74268;27084;0,980260701;EL6;BL3;1;653,0187384
18559756;16/01/2013 11:06:42 AM;16;0,462986111;10/02/2012 12:26:10 PM;10;0,5181712963;Equity;TECHSUPPORT;BO Confirmed;ANALYST;Swap;Payments Related;0;Fixed;;1;-161,92193;26920;-0,002516367;EL4;BL2;1;340,9448148
16023205;09/01/2013 03:50:53 PM;9;0,660335648;27/11/2012 11:28:51 AM;27;0,4783680556;MM;UNAUTHORISED;BO Confirmed;DIRECTOR;Call Deposit;System Update Call Accounts;0;Missing;09/01/2013;4,7;-1,70E-06;26080;-4,37E-11;EL6;BL5;1;43,18196759
21843724;28/02/2013 06:00:02 PM;28;0,750023148;13/07/2012 12:33:37 PM;13;0,5233449074;Equity;TECHSUPPORT;BO-BO Confirmed;DIRECTOR;TotalReturnSwap;Calendar Related;0;Missing;;0;123,811;25239;3,47703559;EL7;BL2;1;230,2266782
4684837;24/01/2013 08:05:24 AM;24;0,337083333;04/01/2012 08:35:33 AM;4;0,3580208333;Rates;MIDOFFICE;BO-BO Confirmed;MNGDIRECTOR;Swap;Calendar Related;-117526333;JIBAR;18/12/2012;5,125;8305,3124;24549;921,9631077;EL7;BL2;1;385,9790625
1582881;18/01/2013 03:43:37 PM;18;0,655289352;05/12/2012 05:08:23 PM;5;0,7141550926;MM;UNAUTHORISED;BO Confirmed;DIRECTOR;Deposit;System Update Call Accounts;0;Missing;01/01/2013;4,68;-0,000300005;23941;0;EL6;BL5;1;43,94113426
25272629;04/03/2013 11:10:44 AM;4;0,465787037;14/01/2013 12:00:00 PM;14;0,5000000000;Commodities;PROD CONTROLLER;BO-BO Confirmed;DIRECTOR;Curr;Payments Related;1;Missing;;0;-6,783678;23507;0,142588001;EL7;BL2;1;48,96578704
11744984;18/03/2013 10:32:30 AM;18;0,439236111;28/09/2010 01:39:43 PM;28;0,5692476852;Equity;TECHSUPPORT;BO Confirmed;DIRECTOR;Curr;Capture Errors - Direction / Amount / Rate / CP;942;Missing;;0;2840,2353;23260;-0,409499999;EL7;BL2;1;901,8699884
25456992;29/01/2013 12:19:17 PM;29;0,513391204;25/01/2013 06:04:43 PM;25;0,7532754630;Derivatives;MIDOFFICE;BO Confirmed;ASSOCIATE;Bond;Calendar Related;0;Fixed;;4;-2806,995752;23155;-0,587614108;EL7;BL2;1;3,760115741
16167567;21/02/2013 10:52:13 AM;21;0,452928241;04/08/2011 02:58:09 PM;4;0,6237152778;Rates;TECHSUPPORT;BO-BO Confirmed;ANALYST;IndexLinkedSwap;CPI Fixings;0;Fixed;;6,25;-2412,32518;22902;27,14584762;EL6;BL2;1;566,829213
25217623;28/01/2013 04:32:33 PM;28;0,689270833;20/12/2012 03:59:13 PM;20;0,6661226852;Derivatives;MIDOFFICE;BO Confirmed;ASSOCIATE;SecurityLoan;Payments Related;11400000;LIBOR;08/01/2013;0,305;17985,944;22506;6,270912871;EL4;BL2;1;39,02314815
23337622;24/01/2013 10:57:55 AM;24;0,456886574;15/06/2010 01:58:51 PM;15;0,5825347222;Rates;TECHSUPPORT;BO-BO Confirmed;VICE PRINCIPAL;IndexLinkedSwap;CPI Fixings;0;Fixed;;6,25;3580,71947;21923;0,048444807;EL6;BL2;1;953,8743519
23334005;24/01/2013 10:57:56 AM;24;0,456898148;19/04/2011 05:53:37 PM;19;0,7455671296;SND;TECHSUPPORT;BO-BO Confirmed;ASSOCIATE;IndexLinkedBond;CPI Fixings;0;Fixed;;6,25;24055,545;21923;0,047770771;EL6;BL3;1;645,711331
19306790;13/02/2013 05:17:09 PM;13;0,720243056;07/03/2011 12:00:00 PM;7;0,5000000000;Rates;TECHSUPPORT;Terminated;ANALYST;Swap;Tri-Optima;250000000;Fixed;;7,465;27793,1721;21882;523,8361844;EL7;BL2;1;709,2202431
23154064;13/02/2013 04:26:55 PM;13;0,685358796;12/02/2013 12:45:48 PM;12;0,5318055556;Derivatives;MIDOFFICE;BO Confirmed;MNGDIRECTOR;Other;Payments Related;0;Fixed;;0;-0,11963;21842;0,320726529;EL4;BL4;1;1,153553241
25992796;20/03/2013 09:16:04 AM;20;0,386157407;12/02/2013 12:00:00 PM;12;0,5000000000;Prime Services;PROD CONTROLLER;BO Confirmed;ANALYST;Other;Early Termination / Delivery / Close out;215000000;Fixed;;0;3769,336056;21780;-2,85E-06;EL6;BL6;1;35,88615741
24988045;10/01/2013 11:52:52 AM;10;0,495046296;09/01/2013 12:00:00 PM;9;0,5000000000;MM;UNAUTHORISED;BO Confirmed;ANALYST;Call Deposit;Capture Errors - Direction / Amount / Rate / CP;0;Missing;10/01/2013;5,55;1,00E-04;21162;2,91E-10;EL7;BL4;1;0,995046296
20081515;03/01/2013 08:52:39 AM;3;0,369895833;28/12/2012 10:09:49 AM;28;0,4234837963;Commodities;TECHSUPPORT;BO-BO Confirmed;DIRECTOR;Future/Forward;Sales Credits;-1;Missing;;0;23,5669654;21142;-998,0135547;EL7;BL2;1;5,946412037
24652860;25/02/2013 09:48:56 AM;25;0,408981481;10/12/2012 09:13:24 AM;10;0,3843055556;Prime Services;PROD CONTROLLER;BO Confirmed;ANALYST;SecurityLoan;Early Termination / Delivery / Close out;410625000;Missing;01/02/2013;0;15856,04739;20471;0,000132212;EL6;BL6;1;77,02467593
23154064;13/02/2013 08:31:08 AM;13;0,354953704;04/01/2012 08:35:33 AM;4;0,3580208333;Derivatives;MIDOFFICE;BO Confirmed;MNGDIRECTOR;Swap;Payments Related;0;Fixed;;0;-0,006114;20286;-0,39876659;EL4;BL4;1;405,9969329
24860085;21/01/2013 05:31:48 PM;21;0,730416667;20/07/2012 09:53:32 AM;20;0,4121759259;SND;MIDOFFICE;BO-BO Confirmed;ASSOCIATE;FRN;Calendar Related;-5277204;JIBAR;17/01/2013;5,081;-3438,62606;20252;0,02303;EL7;BL4;1;185,3182407
25497701;29/01/2013 04:12:54 PM;29;0,675625;25/01/2013 02:52:14 PM;25;0,6196064815;MM;TECHSUPPORT;BO Confirmed;DIRECTOR;FRN;Capture Errors - Direction / Amount / Rate / CP;0;Fixed;;0;-3436,51931;20128;-0,709503531;EL7;BL2;1;4,056018519
24732310;18/03/2013 08:40:16 AM;18;0,361296296;12/12/2012 12:00:00 PM;12;0,5000000000;Equity;TECHSUPPORT;BO-BO Confirmed;DIRECTOR;TotalReturnSwap;Corrected NDEUSSA Reset Level;7999101;LIBOR;18/12/2012;0,309;824,59349;19101;-0,410073269;EL6;BL2;1;95,8612963
18547809;15/02/2013 09:06:20 AM;15;0,379398148;04/01/2012 08:35:33 AM;4;0,3580208333;Commodities;PROD CONTROLLER;BO Confirmed;VICE PRINCIPAL;Other;Payments Related;0;Missing;;0;-66,775845;18985;-0,799079902;EL4;BL2;1;408,0213773
1582631;11/01/2013 03:05:31 PM;11;0,628831019;14/12/2012 02:11:32 PM;14;0,5913425926;MM;UNAUTHORISED;BO Confirmed;DIRECTOR;Call Deposit;System Update Call Accounts;0;Missing;;;;18870;;EL6;BL5;1;28,03748843
26245161;27/02/2013 12:11:29 PM;27;0,507974537;26/02/2013 12:00:00 PM;26;0,5000000000;Bonds/Repos;TECHSUPPORT;BO Confirmed;ANALYST;TotalReturnSwap;Trade enrichment for system flow;0;Fixed;;;;18553;-3,64E-12;EL1;BL2;1;1,007974537
13672707;13/02/2013 05:15:22 PM;13;0,71900463;17/06/2011 12:00:00 PM;17;0,5000000000;Rates;TECHSUPPORT;Terminated;AMBA;BuySellback;Tri-Optima;-197000000;JIBAR;22/11/2012;5,094;5421,02316;17562;-50,92639823;EL7;BL2;1;607,2190046
1582692;18/01/2013 11:19:20 AM;18;0,471759259;30/11/2012 12:00:00 PM;30;0,5000000000;MM;UNAUTHORISED;BO Confirmed;DIRECTOR;Swap;System Update Call Accounts;0;Missing;01/01/2013;4,8;0,000999987;17096;-1,49E-08;EL6;BL5;1;48,97175926
18559756;15/03/2013 10:13:26 AM;15;0,42599537;04/01/2012 03:22:59 PM;4;0,6409606481;Equity;TECHSUPPORT;BO Confirmed;ANALYST;Other;Calendar Related;0;Fixed;;1;-154,33441;17096;0,002786006;EL7;BL2;1;435,7850347
25098797;11/01/2013 09:22:51 AM;11;0,390868056;07/01/2013 11:42:19 AM;7;0,4877199074;Equity;TECHSUPPORT;BO Confirmed;MNGDIRECTOR;Option;Trade enrichment for system flow;3132;Missing;;0;-13135,13221;17026;17072,82552;EL7;BL2;1;3,903148148
19668644;18/03/2013 08:39:59 AM;18;0,361099537;14/03/2012 12:00:00 PM;14;0,5000000000;Equity;TECHSUPPORT;BO-BO Confirmed;DIRECTOR;TotalReturnSwap;Corrected NDEUSSA Reset Level;0;Missing;;0;625,57091;15937;-1,018099243;EL6;BL2;1;368,8610995
23154064;19/03/2013 02:05:07 PM;19;0,586886574;19/09/2012 12:54:32 PM;19;0,5378703704;Derivatives;MIDOFFICE;BO Confirmed;MNGDIRECTOR;SecurityLoan;Payments Related;0;Fixed;;0;0;15145;0;EL4;BL4;1;181,0490162
25831881;19/03/2013 11:13:55 AM;19;0,467997685;07/02/2013 12:00:00 PM;7;0,5000000000;Rates;TECHSUPPORT;BO-BO Confirmed;AMBA;FRN;Payments Related;0;JIBAR;;0;3640,071288;15000;521,4875991;EL4;BL2;1;39,96799769
1582440;21/02/2013 03:09:45 PM;21;0,631770833;29/12/2006 12:00:00 PM;29;0,5000000000;MM;UNAUTHORISED;BO Confirmed;DIRECTOR;SecurityLoan;Calendar Related;0;Missing;;;;14557;;EL7;BL5;1;2246,131771
1582806;28/02/2013 09:53:18 AM;28;0,412013889;29/12/2006 12:00:00 PM;29;0,5000000000;MM;UNAUTHORISED;BO Confirmed;DIRECTOR;Curr;Capture Errors - Direction / Amount / Rate / CP;0;Missing;28/02/2013;4,8;0,000489996;14466;0;EL7;BL5;1;2252,912014
26413795;05/03/2013 02:26:56 PM;5;0,602037037;04/03/2013 08:27:44 AM;4;0,3525925926;Commodities;PROD CONTROLLER;BO Confirmed;DIRECTOR;CurrSwap;Commodities Early Delivery;-6096381;Missing;;0;12,68194;14305;-0,263046372;EL7;BL2;1;1,249444444
25907886;18/02/2013 11:16:50 AM;18;0,470023148;12/02/2013 12:45:48 PM;12;0,5318055556;Rates;PROD CONTROLLER;BO Confirmed;DIRECTOR;Other;Capture Errors - Direction / Amount / Rate / CP;-1960000000;JIBAR;14/02/2013;5,081;-781442,84;14266;-182,3134716;EL7;BL2;1;5,938217593
25272524;04/03/2013 11:11:00 AM;4;0,465972222;14/01/2013 12:00:00 PM;14;0,5000000000;Commodities;PROD CONTROLLER;BO-BO Confirmed;DIRECTOR;Future/Forward;Payments Related;-1;Missing;;0;-3,7379544;14043;0,081845749;EL7;BL2;1;48,96597222
19486829;18/03/2013 08:39:44 AM;18;0,360925926;02/03/2012 12:00:00 PM;2;0,5000000000;Equity;TECHSUPPORT;BO-BO Confirmed;DIRECTOR;TotalReturnSwap;Corrected NDEUSSA Reset Level;0;Missing;;0;813,028771;13491;-0,807130351;EL6;BL2;1;380,8609259
23670152;08/01/2013 05:41:05 PM;8;0,736863426;15/10/2012 04:20:57 PM;15;0,6812152778;Derivatives;TECHSUPPORT;BO Confirmed;ASSOCIATE;CreditDefaultSwap;Capture Errors - Direction / Amount / Rate / CP;0;Missing;;0;-3268,6741;13339;-0,170532448;EL7;BL2;1;85,05564815
16412839;13/02/2013 05:16:38 PM;13;0,719884259;19/08/2011 12:00:00 PM;19;0,5000000000;Rates;TECHSUPPORT;Terminated;AMBA;Swap;Tri-Optima;150000000;JIBAR;23/11/2012;5,106;-15529,98681;13321;-314,4559444;EL7;BL2;1;544,2198843
8920098;01/03/2013 01:56:03 PM;1;0,580590278;15/04/2010 12:00:00 PM;15;0,5000000000;MM;UNAUTHORISED;BO Confirmed;DIRECTOR;Call Deposit;Trade enrichment for system flow;0;Missing;01/03/2013;4,75;0;13014;0;EL7;BL5;1;1051,08059
24733652;14/01/2013 08:59:30 AM;14;0,374652778;11/12/2012 04:38:08 PM;11;0,6931481481;Prime Services;PROD CONTROLLER;BO Confirmed;ANALYST;SecurityLoan;Early Termination / Delivery / Close out;129755350;Fixed;;0,3;2132,964658;12798;0;EL6;BL6;1;33,68150463
24403390;16/01/2013 01:44:31 PM;16;0,572581019;15/01/2013 05:15:06 PM;15;0,7188194444;SND;TECHSUPPORT;BO Confirmed;ANALYST;Repo/Reverse;Calendar Related;0;JIBAR;;0;0;12715;1,82E-12;EL7;BL3;1;0,853761574
25491010;15/03/2013 10:26:09 AM;15;0,434826389;25/01/2013 12:06:40 PM;25;0,5046296296;Derivatives;MIDOFFICE;BO-BO Confirmed;VICE PRINCIPAL;Swap;Calendar Related;0;Fixed;;1;-4116,68812;12583;59,0797671;EL7;BL2;1;48,93019676
22789255;14/01/2013 12:18:34 PM;14;0,512893519;29/08/2012 04:12:48 PM;29;0,6755555556;Rates;TECHSUPPORT;BO-BO Confirmed;MNGDIRECTOR;Swap;Calendar Related;2128000;Fixed;;4,875;3166,451285;11756;-6,666607256;EL7;BL2;1;137,837338
25312693;06/03/2013 09:56:45 AM;6;0,414409722;14/01/2013 12:00:00 PM;14;0,5000000000;Prime Services;PROD CONTROLLER;BO Confirmed;ANALYST;Call Deposit;Early Termination / Delivery / Close out;103288978;Missing;18/02/2013;0;1754,252446;11652;-9,54E-07;EL6;BL6;1;50,91440972
21964163;28/02/2013 06:00:02 PM;28;0,750023148;20/07/2012 12:28:57 PM;20;0,5201041667;Equity;TECHSUPPORT;BO-BO Confirmed;DIRECTOR;TotalReturnSwap;Calendar Related;0;Missing;;0;40,4444;11648;1,604639721;EL7;BL2;1;223,229919
12238993;15/01/2013 03:38:01 PM;15;0,651400463;23/08/2012 11:29:29 AM;23;0,4788078704;MM;TECHSUPPORT;BO-BO Confirmed;MNGDIRECTOR;FRN;Early Termination / Delivery / Close out;60000000;JIBAR;20/12/2012;5,125;11136,9863;11137;1,86E-09;EL1;BL4;1;145,1725926
25341753;21/01/2013 11:01:30 AM;21;0,459375;20/01/2012 12:00:00 PM;20;0,5000000000;MM;TECHSUPPORT;BO Confirmed;VICE PRINCIPAL;Repo/Reverse;Calendar Related;0;Fixed;;;;10570;-3,307002717;EL7;BL2;1;366,959375
25291239;17/01/2013 02:21:02 PM;17;0,597939815;17/01/2013 12:26:58 PM;17;0,5187268519;Africa;PROD ACCOUNTANT;BO Confirmed;MNGDIRECTOR;Swap;Capture Errors - Direction / Amount / Rate / CP;160000000;Fixed;;6,671;1052,333655;10065;-0,395338591;EL7;BL3;1;0,079212963
25960604;13/03/2013 01:59:59 PM;13;0,583321759;14/02/2013 11:17:29 AM;14;0,4704745370;Prime Services;PROD CONTROLLER;BO Confirmed;ANALYST;SecurityLoan;Early Termination / Delivery / Close out;-30297500;Fixed;;2,28;-534,3424064;9698;4,38E-07;EL6;BL6;1;27,11284722
26498430;07/03/2013 12:14:44 PM;7;0,510231481;06/03/2013 01:44:32 PM;6;0,5725925926;Bonds/Repos;MIDOFFICE;BO-BO Confirmed;ASSOCIATE;Deposit;Calendar Related;-45000000;Fixed;;6,5;-3186,102201;9611;-0,581679027;EL7;BL2;1;0,937638889
19019109;04/02/2013 03:03:54 PM;4;0,627708333;01/10/2012 12:00:00 PM;1;0,5000000000;Rates;MIDOFFICE;BO-BO Confirmed;AMBA;Other;Calendar Related;300000000;JIBAR;02/11/2012;5,075;-171,87818;9534;0;EL7;BL2;1;126,1277083
26563064;14/03/2013 01:53:11 PM;14;0,578599537;08/03/2013 12:20:38 PM;8;0,5143287037;MM;PROD ACCOUNTANT;BO Confirmed;ANALYST;Future/Forward;Calendar Related;0;Fixed;;4,915;1,64E-05;9426;0;EL7;BL5;1;6,064270833
23266804;06/02/2013 01:37:17 PM;6;0,56755787;30/11/2006 12:00:00 PM;30;0,5000000000;Prime Services;TECHSUPPORT;BO Confirmed;ANALYST;CreditDefaultSwap;Calendar Related;5755175;Fixed;;0;75,72297049;9279;0;EL7;BL6;1;2260,067558
25164472;31/01/2013 09:35:40 AM;31;0,399768519;30/01/2013 11:30:30 AM;30;0,4795138889;Africa;PROD ACCOUNTANT;BO Confirmed;MNGDIRECTOR;Swap;Payments Related;0;Fixed;;0;-10292,3129;9244;0,688628929;EL4;BL3;1;0,92025463
1582692;22/02/2013 11:15:57 AM;22;0,469409722;29/12/2006 12:00:00 PM;29;0,5000000000;MM;UNAUTHORISED;BO Confirmed;DIRECTOR;Other;Capture Errors - Direction / Amount / Rate / CP;0;Missing;01/02/2013;4,8;-3,00E-05;9205;0;EL7;BL5;1;2246,96941
19508574;18/03/2013 08:40:33 AM;18;0,361493056;05/03/2012 12:00:00 PM;5;0,5000000000;Equity;TECHSUPPORT;BO-BO Confirmed;DIRECTOR;TotalReturnSwap;Corrected NDEUSSA Reset Level;3900860;LIBOR;21/12/2012;0,31;457,147006;9125;-0,564535174;EL6;BL2;1;377,8614931
25789258;12/02/2013 05:03:34 PM;12;0,710810185;19/09/2012 12:54:32 PM;19;0,5378703704;Rates;PROD CONTROLLER;BO Confirmed;VICE PRINCIPAL;SecurityLoan;Capture Errors - Direction / Amount / Rate / CP;6388993;EURIBOR;06/02/2013;0,192;-742,9321;9090;-9,133632206;EL7;BL2;1;146,1729398
24251679;31/01/2013 10:41:49 AM;31;0,445706019;30/01/2013 03:43:48 PM;30;0,6554166667;Equity;TECHSUPPORT;BO-BO Confirmed;DIRECTOR;Swap;Payments Related;0;JIBAR;28/10/2010;5,905;6,735265605;9014;0,313226519;EL4;BL2;1;0,790289352
24251679;01/02/2013 10:21:53 AM;1;0,431863426;31/01/2013 10:27:49 AM;31;0,4359837963;Equity;TECHSUPPORT;BO-BO Confirmed;DIRECTOR;Future/Forward;Payments Related;0;JIBAR;28/10/2010;5,905;-0,014984338;8893;0,336301256;EL4;BL2;1;0,99587963
23535853;08/02/2013 11:36:32 AM;8;0,483703704;29/12/2006 12:00:00 PM;29;0,5000000000;Commodities;PROD CONTROLLER;BO Confirmed;VICE PRINCIPAL;Swap;Payments Related;0;Fixed;;0;0;8778;0;EL4;BL2;1;2232,983704
26506066;07/03/2013 11:12:32 AM;7;0,467037037;06/03/2013 03:59:10 PM;6;0,6660879630;Bonds/Repos;PROD CONTROLLER;BO-BO Confirmed;MNGDIRECTOR;Deposit;Capture Errors - Direction / Amount / Rate / CP;-23000000;Fixed;;7,75;-1183,265934;8634;-0,22133547;EL7;BL2;1;0,800949074
19385425;18/03/2013 08:39:28 AM;18;0,360740741;27/02/2012 12:00:00 PM;27;0,5000000000;Equity;TECHSUPPORT;BO-BO Confirmed;DIRECTOR;Other;Calendar Related;0;Missing;;0;282,326371;8276;-0,264765994;EL7;BL2;1;384,8607407
26684365;14/03/2013 02:37:11 PM;14;0,609155093;13/03/2013 04:25:11 PM;13;0,6841550926;Bonds/Repos;MIDOFFICE;BO-BO Confirmed;ASSOCIATE;Swap;Calendar Related;-36000000;Fixed;;6,25;-2713,355963;8195;3,00E-06;EL7;BL2;1;0,925
13855285;13/02/2013 05:17:25 PM;13;0,720428241;18/08/2010 12:00:00 PM;18;0,5000000000;Rates;TECHSUPPORT;Terminated;AMBA;Swap;Tri-Optima;-150000000;JIBAR;07/12/2012;5,125;13274,3721;7639;2,36814266;EL7;BL2;1;910,2204282
26626460;13/03/2013 10:53:50 AM;13;0,454050926;12/03/2013 11:12:56 AM;12;0,4673148148;Rates;MIDOFFICE;BO-BO Confirmed;DIRECTOR;Call Deposit;Calendar Related;-85000000;Fixed;;10,5;-22304,61554;7599;-1690,694115;EL7;BL2;1;0,986736111
15931892;13/02/2013 05:17:03 PM;13;0,720173611;17/08/2011 12:00:00 PM;17;0,5000000000;Rates;TECHSUPPORT;Terminated;AMBA;Swap;Tri-Optima;-100000000;JIBAR;29/01/2013;5,081;975,32276;7571;0,230280835;EL7;BL2;1;546,2201736
16359074;13/02/2013 05:18:24 PM;13;0,721111111;10/09/2010 12:00:00 PM;10;0,5000000000;Rates;TECHSUPPORT;Terminated;AMBA;Swap;Tri-Optima;-380000000;JIBAR;19/11/2012;5,075;2456,33661;7485;-73,92371283;EL7;BL2;1;887,2211111
25918244;13/03/2013 01:54:36 PM;13;0,579583333;12/02/2013 04:36:14 PM;12;0,6918287037;Prime Services;PROD CONTROLLER;BO Confirmed;ANALYST;SecurityLoan;Early Termination / Delivery / Close out;0;Fixed;;0;3769,336056;7469;-0,62390816;EL6;BL6;1;28,88775463
26322375;15/03/2013 12:44:13 PM;15;0,530706019;28/02/2013 11:40:03 AM;28;0,4861458333;Prime Services;PROD CONTROLLER;BO Confirmed;ANALYST;Call Deposit;Early Termination / Delivery / Close out;0;Fixed;;2,28;-708,199721;7237;-0,2360658;EL6;BL6;1;15,04456019
1582692;08/03/2013 10:46:59 AM;8;0,449293981;29/12/2006 12:00:00 PM;29;0,5000000000;MM;UNAUTHORISED;BO Confirmed;DIRECTOR;Other;System Update Call Accounts;0;Missing;01/03/2013;4,8;-7,00E-05;7233;0;EL6;BL5;1;2260,949294
20318940;14/01/2013 09:56:24 AM;14;0,414166667;10/01/2013 12:00:00 PM;10;0,5000000000;MM;PROD ACCOUNTANT;BO Confirmed;DIRECTOR;Call Deposit;System Update Call Accounts;0;Missing;14/01/2013;4,8;-302837,51;7227;1,79E-07;EL6;BL3;1;3,914166667
16167567;24/01/2013 10:57:58 AM;24;0,456921296;31/08/2012 09:37:22 AM;31;0,4009490741;Rates;TECHSUPPORT;BO-BO Confirmed;ANALYST;IndexLinkedBond;CPI Fixings;0;Fixed;;6,25;966,10791;7176;0,015858411;EL6;BL2;1;146,0559722
24936218;09/01/2013 01:06:44 PM;9;0,546342593;14/12/2012 12:00:00 PM;14;0,5000000000;Equity;TECHSUPPORT;BO Confirmed;DIRECTOR;TotalReturnSwap;Operations request to change Economics of Trade;0;LIBOR;;0;950,003815;7167;-1,046804654;EL1;BL2;1;26,04634259
14535596;24/01/2013 10:57:56 AM;24;0,456898148;27/05/2011 11:43:50 AM;27;0,4887731481;SND;TECHSUPPORT;BO-BO Confirmed;ASSOCIATE;Other;CPI Fixings;0;JIBAR;;0;33212,661;7156;1150,368788;EL6;BL3;1;607,968125
24603355;18/01/2013 05:09:27 PM;18;0,714895833;18/01/2013 09:31:07 AM;18;0,3966087963;MM;TECHSUPPORT;BO-BO Confirmed;MNGDIRECTOR;Swap;Calendar Related;10000000;EURIBOR;07/01/2013;0,192;-8118,796414;7011;168300,6602;EL7;BL2;1;0,318287037
1896470;21/02/2013 10:52:11 AM;21;0,452905093;12/02/2008 08:01:25 AM;12;0,3343171296;SND;TECHSUPPORT;BO-BO Confirmed;ASSOCIATE;Swap;CPI Fixings;0;Fixed;;6,25;-380,71099;6996;-8,13E-05;EL6;BL3;1;1836,118588
25089200;07/01/2013 10:34:15 AM;7;0,440451389;29/12/2006 12:00:00 PM;29;0,5000000000;Rates;MIDOFFICE;BO-BO Confirmed;DIRECTOR;Bond;Calendar Related;-115000000;Fixed;;7,75;-6950,44169;6995;-3269,919789;EL7;BL2;1;2200,940451
26594607;12/03/2013 09:35:21 AM;12;0,399548611;11/03/2013 12:34:17 PM;11;0,5238078704;Bonds/Repos;MIDOFFICE;BO-BO Confirmed;VICE PRINCIPAL;Swap;Calendar Related;0;Fixed;;5;2,920582049;6841;-5,00E-11;EL7;BL2;1;0,875740741
20080959;11/01/2013 10:30:18 AM;11;0,437708333;14/10/2011 10:23:38 AM;14;0,4330787037;Equity;TECHSUPPORT;BO-BO Confirmed;DIRECTOR;TotalReturnSwap;Corrected NDEUSSA Reset Level;0;Missing;;0;35,2188137;6834;5,048442214;EL7;BL2;1;455,0046296
24935912;09/01/2013 02:37:23 PM;9;0,609293981;08/01/2013 02:33:17 PM;8;0,6064467593;Equity;TECHSUPPORT;BO Confirmed;DIRECTOR;TotalReturnSwap;Operations request to change Economics of Trade;0;Fixed;;6,34;888,59611;6827;-0,800482035;EL1;BL2;1;1,002847222
2231472;01/03/2013 11:39:14 AM;1;0,485578704;22/04/2008 12:50:52 PM;22;0,5353240741;MM;PROD ACCOUNTANT;BO Confirmed;DIRECTOR;Other;Capture Errors - Direction / Amount / Rate / CP;0;Missing;01/03/2013;;;6809;-1,86E-09;EL7;BL3;1;1773,950255
25798805;15/02/2013 12:24:57 PM;15;0,517326389;06/02/2013 03:51:51 PM;6;0,6610069444;Bonds/Repos;TECHSUPPORT;BO-BO Confirmed;ASSOCIATE;Future/Forward;Capture Errors - Direction / Amount / Rate / CP;10000000;Fixed;;13,5;1840,1451;6696;-0,125177987;EL7;BL2;1;8,856319444
1582692;15/02/2013 11:25:02 AM;15;0,475717593;29/12/2006 12:00:00 PM;29;0,5000000000;MM;UNAUTHORISED;BO Confirmed;DIRECTOR;Call Deposit;System Update Call Accounts;0;Missing;01/02/2013;4,8;1,86E-09;6575;0;EL6;BL5;1;2239,975718
13534331;01/03/2013 11:31:38 AM;1;0,480300926;31/01/2011 12:00:00 PM;31;0,5000000000;Commodities;PROD CONTROLLER;BO Confirmed;ANALYST;Swap;Payments Related;0;Fixed;;0;-0,3696101;6519;0,12506928;EL4;BL2;1;759,9803009
24929465;17/01/2013 10:42:54 AM;17;0,446458333;21/12/2012 01:39:55 PM;21;0,5693865741;Prime Services;PROD CONTROLLER;BO Confirmed;ANALYST;SecurityLoan;Early Termination / Delivery / Close out;-35091000;Missing;27/12/2012;2,28;-562,3849507;6463;-0,3015272;EL6;BL6;1;26,87707176
25498160;29/01/2013 04:13:27 PM;29;0,676006944;25/01/2013 02:56:44 PM;25;0,6227314815;MM;TECHSUPPORT;BO Confirmed;DIRECTOR;Bill;Capture Errors - Direction / Amount / Rate / CP;0;Fixed;;0;-1543,727814;6388;-4,72E-05;EL7;BL2;1;4,053275463
4836357;05/03/2013 04:43:42 PM;5;0,697013889;22/04/2008 12:00:00 PM;22;0,5000000000;MM;PROD ACCOUNTANT;BO Confirmed;DIRECTOR;BuySellback;Early Termination / Delivery / Close out;37272985;JIBAR;22/02/2013;4,983;6211,8237;6212;0;EL1;BL4;1;1778,197014
23535853;06/03/2013 10:22:04 AM;6;0,431990741;08/10/2012 12:12:48 PM;8;0,5088888889;Commodities;PROD CONTROLLER;BO Confirmed;VICE PRINCIPAL;Other;Payments Related;0;Fixed;;0;0;6053;0;EL7;BL2;1;148,9231019
26252741;27/02/2013 12:14:30 PM;27;0,510069444;26/02/2013 11:45:59 AM;26;0,4902662037;Bonds/Repos;PROD CONTROLLER;BO-BO Confirmed;ASSOCIATE;Deposit;Capture Errors - Direction / Amount / Rate / CP;-50000000;Fixed;;8,75;-14153,32171;5928;-1,00E-06;EL7;BL2;1;1,019803241
8339689;11/03/2013 11:32:48 AM;11;0,481111111;12/03/2010 05:48:11 PM;12;0,7417939815;SND;PROD ACCOUNTANT;BO-BO Confirmed;MNGDIRECTOR;IndexLinkedSwap;Capture Errors - Direction / Amount / Rate / CP;0;Fixed;;10,13825;-1179,1579;5896;0;EL7;BL3;1;1094,739317
8336062;11/03/2013 11:34:58 AM;11;0,482615741;12/03/2010 03:50:07 PM;12;0,6598032407;MM;PROD ACCOUNTANT;BO-BO Confirmed;DIRECTOR;Deposit;Capture Errors - Direction / Amount / Rate / CP;0;Fixed;;10,13825;-1179,1579;5896;0;EL7;BL5;1;1094,822813
23269126;23/01/2013 08:10:42 AM;23;0,340763889;18/01/2013 02:34:36 PM;18;0,6073611111;Rates;TECHSUPPORT;BO-BO Confirmed;VICE PRINCIPAL;CurrSwap;Calendar Related;19550000;JIBAR;18/12/2012;5,125;2566,5304;5859;0,836217257;EL7;BL2;1;4,733402778
18960959;04/01/2013 10:30:35 AM;4;0,437905093;04/04/2012 11:33:44 AM;4;0,4817592593;Commodities;TECHSUPPORT;BO Confirmed;VICE PRINCIPAL;Swap;Payments Related;0;Fixed;;0;-0,0416986;5857;-0,482038167;EL4;BL2;1;274,9561458
23535853;07/02/2013 10:20:52 AM;7;0,431157407;29/01/2013 08:38:34 AM;29;0,3601157407;Commodities;PROD CONTROLLER;BO Confirmed;VICE PRINCIPAL;Future/Forward;Payments Related;0;Fixed;;0;0;5759;0;EL7;BL2;1;9,071041667
25851937;13/02/2013 04:07:31 PM;13;0,671886574;08/02/2013 01:29:35 PM;8;0,5622106481;Bonds/Repos;PROD CONTROLLER;BO-BO Confirmed;VICE PRINCIPAL;Other;Calendar Related;0;Fixed;;5,3;26519,054;5599;0;EL7;BL2;1;5,109675926
24732552;23/01/2013 01:21:50 PM;23;0,556828704;22/01/2013 09:39:47 AM;22;0,4026273148;Equity;TECHSUPPORT;BO-BO Confirmed;DIRECTOR;TotalReturnSwap;Corrected NDEUSSA Reset Level;-869365;LIBOR;18/12/2012;0,309;0,0774465;5592;-0,06245796;EL6;BL2;1;1,154201389
23535853;22/01/2013 02:20:23 PM;22;0,597488426;20/01/2012 12:00:00 PM;20;0,5000000000;Commodities;PROD CONTROLLER;BO Confirmed;VICE PRINCIPAL;Call Deposit;Payments Related;0;Fixed;;0;0;5579;0;EL4;BL2;1;368,0974884
25538791;07/02/2013 01:06:47 PM;7;0,546377315;06/02/2013 09:35:14 AM;6;0,3994675926;Rates;TECHSUPPORT;BO Confirmed;VICE PRINCIPAL;Call Deposit;Trade enrichment for system flow;-43106155;Fixed;;6,92;-951,0593;5448;2,100781829;EL1;BL2;1;1,146909722
18559756;29/01/2013 07:51:45 AM;29;0,327604167;12/12/2011 04:45:33 PM;12;0,6982986111;Equity;TECHSUPPORT;BO Confirmed;ANALYST;Deposit;Capture Errors - Direction / Amount / Rate / CP;0;Fixed;;1;-475,19165;5438;-0,004823109;EL7;BL2;1;413,6293056
25183913;11/01/2013 02:10:09 PM;11;0,590381944;10/01/2013 12:23:06 PM;10;0,5160416667;MM;PROD CONTROLLER;BO Confirmed;DIRECTOR;Deposit;Capture Errors - Direction / Amount / Rate / CP;0;Fixed;;5;3,56E-05;5425;0;EL7;BL5;1;1,074340278
25558980;31/01/2013 07:57:33 AM;31;0,331631944;25/01/2013 12:00:00 PM;25;0,5000000000;Commodities;PROD CONTROLLER;BO Confirmed;DIRECTOR;Deposit;Payments Related;3031;Missing;;0;-272,2288074;5410;0,033936551;EL7;BL2;1;5,831631944
26101905;21/02/2013 02:14:37 PM;21;0,593483796;20/02/2013 02:38:34 PM;20;0,6101157407;Commodities;PROD CONTROLLER;BO Confirmed;MNGDIRECTOR;Curr;Commodities Early Delivery;-9457392;Missing;;0;-1340,1384;5313;28,55840529;EL7;BL2;1;0,983368056
11745003;15/03/2013 05:49:05 PM;15;0,742418981;28/09/2010 01:40:36 PM;28;0,5698611111;Equity;TECHSUPPORT;BO Confirmed;DIRECTOR;Repo/Reverse;Capture Errors - Direction / Amount / Rate / CP;411;Missing;;0;-838,88598;5280;76,22964227;EL7;BL2;1;899,1725579
5888671;21/02/2013 10:52:12 AM;21;0,452916667;03/09/2009 09:08:45 AM;3;0,3810763889;Rates;TECHSUPPORT;BO-BO Confirmed;ASSOCIATE;Other;CPI Fixings;0;Fixed;;3,64;-832,2676;5197;29,05298192;EL6;BL2;1;1267,07184
7131135;21/02/2013 10:52:12 AM;21;0,452916667;03/12/2009 11:18:20 AM;3;0,4710648148;Rates;TECHSUPPORT;BO-BO Confirmed;ASSOCIATE;IndexLinkedSwap;CPI Fixings;0;Fixed;;3,64;-1824,4513;5197;24,58306894;EL6;BL2;1;1175,981852
25302377;17/01/2013 12:32:55 PM;17;0,522858796;16/01/2013 02:04:47 PM;16;0,5866550926;Bonds/Repos;TECHSUPPORT;BO-BO Confirmed;ASSOCIATE;Bond;Calendar Related;65000000;Fixed;;10,5;5172,938362;5173;0;EL7;BL2;1;0,936203704
24251679;21/02/2013 11:34:30 AM;21;0,482291667;16/11/2012 10:56:11 AM;16;0,4556828704;Equity;TECHSUPPORT;BO-BO Confirmed;DIRECTOR;Bill;Trade enrichment for system flow;0;JIBAR;28/10/2010;5,905;14,62940629;5171;-0,182414779;EL7;BL2;1;97,0266088
24251679;14/02/2013 01:53:09 PM;14;0,578576389;16/11/2012 10:56:11 AM;16;0,4556828704;Equity;TECHSUPPORT;BO-BO Confirmed;DIRECTOR;Call Deposit;Payments Related;0;JIBAR;28/10/2010;5,905;16,85152524;5140;0,630637325;EL4;BL2;1;90,12289352
23535853;09/01/2013 11:53:00 AM;9;0,495138889;10/10/2012 04:08:14 PM;10;0,6723842593;Commodities;PROD CONTROLLER;BO Confirmed;VICE PRINCIPAL;Swap;Payments Related;0;Fixed;;0;0;4996;0;EL4;BL2;1;90,82275463
20081829;02/01/2013 12:33:22 PM;2;0,523171296;05/04/2012 12:00:00 PM;5;0,5000000000;Commodities;TECHSUPPORT;BO-BO Confirmed;DIRECTOR;Future/Forward;Payments Related;1;Missing;;0;-11,6136984;4953;998,0426626;EL4;BL2;1;272,0231713
24706349;07/01/2013 04:42:50 PM;7;0,696412037;11/12/2012 05:09:45 PM;11;0,7151041667;Prime Services;PROD CONTROLLER;BO Confirmed;ANALYST;SecurityLoan;Early Termination / Delivery / Close out;-590616273;Fixed;;0,3;-9708,760644;4854;7,28E-12;EL6;BL6;1;26,98130787
25604706;04/02/2013 08:39:29 AM;4;0,360752315;04/01/2012 08:35:33 AM;4;0,3580208333;Africa;PROD CONTROLLER;BO Confirmed;MNGDIRECTOR;Other;Capture Errors - Direction / Amount / Rate / CP;-1346582;Missing;;0;11425130,01;4832;91153,9376;EL7;BL2;1;397,0027315
17258538;12/02/2013 01:43:11 PM;12;0,571655093;29/12/2006 12:00:00 PM;29;0,5000000000;SND;MIDOFFICE;BO Confirmed;ASSOCIATE;CurrSwap;Payments Related;-1000000;SAFEX;11/02/2013;4,78;0;4703;2,91E-11;EL4;BL3;1;2237,071655
3965326;24/01/2013 10:57:54 AM;24;0,456875;29/10/2009 02:05:57 PM;29;0,5874652778;Rates;TECHSUPPORT;BO-BO Confirmed;MNGDIRECTOR;Other;CPI Fixings;0;Fixed;;2,86;10903,1016;4633;763,2274351;EL6;BL2;1;1182,86941
1582692;08/02/2013 12:08:56 PM;8;0,506203704;14/01/2013 10:04:44 AM;14;0,4199537037;MM;UNAUTHORISED;BO Confirmed;DIRECTOR;Other;System Update Call Accounts;0;Missing;01/02/2013;4,8;0;4603;0;EL6;BL5;1;25,08625
26084081;01/03/2013 09:07:10 AM;1;0,379976852;20/02/2013 09:33:20 AM;20;0,3981481481;Prime Services;TECHSUPPORT;BO Confirmed;ANALYST;SecurityLoan;Calendar Related;179082467;Missing;26/02/2013;0,3078;3042,156484;4595;-1,19E-07;EL7;BL6;1;8,981828704
24968382;04/01/2013 10:31:08 AM;4;0,438287037;04/04/2012 11:33:09 AM;4;0,4813541667;Prime Services;PROD CONTROLLER;BO Confirmed;ANALYST;SecurityLoan;Early Termination / Delivery / Close out;0;Fixed;;0,3078;1589,822508;4548;-8,87E-07;EL6;BL6;1;274,9569329
18960959;05/02/2013 04:20:38 PM;5;0,68099537;31/01/2011 12:00:00 PM;31;0,5000000000;Commodities;PROD CONTROLLER;BO Confirmed;VICE PRINCIPAL;Swap;Payments Related;0;Fixed;;0;-0,0130391;4489;0,029641704;EL4;BL2;1;736,1809954
24860106;21/01/2013 05:29:47 PM;21;0,729016204;19/12/2012 02:55:41 PM;19;0,6220023148;SND;MIDOFFICE;BO-BO Confirmed;ASSOCIATE;FRN;Calendar Related;-1060260;JIBAR;17/01/2013;5,081;-690,86551;4487;0;EL7;BL4;1;33,10701389
26214945;13/03/2013 01:59:19 PM;13;0,582858796;25/02/2013 11:35:22 AM;25;0,4828935185;Prime Services;PROD CONTROLLER;BO Confirmed;ANALYST;SecurityLoan;Early Termination / Delivery / Close out;0;Fixed;;2,28;-247,1934374;4486;0,8063974;EL6;BL6;1;16,09996528
26628865;13/03/2013 10:54:10 AM;13;0,454282407;12/03/2013 11:58:03 AM;12;0,4986458333;Bonds/Repos;MIDOFFICE;BO-BO Confirmed;ASSOCIATE;Bond;Calendar Related;-50000000;Fixed;;10,5;-13123,65512;4473;-0,009176358;EL7;BL2;1;0,955636574
15047899;06/02/2013 04:30:47 PM;6;0,688043981;01/10/2012 12:00:00 PM;1;0,5000000000;Derivatives;MIDOFFICE;BO-BO Confirmed;ASSOCIATE;Deposit;Payments Related;0;JIBAR;;;;4430;;EL4;BL2;1;128,188044
13534271;01/03/2013 11:31:21 AM;1;0,480104167;31/01/2011 12:00:00 PM;31;0,5000000000;Commodities;PROD CONTROLLER;BO Confirmed;ANALYST;Swap;Payments Related;1;Fixed;;0;-0,695669999;4354;-0,382056693;EL4;BL2;1;759,9801042
25098481;11/01/2013 09:22:30 AM;11;0,390625;07/01/2013 11:40:21 AM;7;0,4863541667;Equity;TECHSUPPORT;BO Confirmed;MNGDIRECTOR;Option;Trade enrichment for system flow;835;Missing;;0;-3393,380766;4329;4341,902133;EL7;BL2;1;3,904270833
25497856;28/01/2013 08:38:29 AM;28;0,36005787;04/01/2012 08:35:33 AM;4;0,3580208333;Rates;TECHSUPPORT;BO Confirmed;DIRECTOR;CurrSwap;Trade enrichment for system flow;0;JIBAR;;;;4304;0,01848737;EL1;BL2;1;390,002037
25067383;17/01/2013 01:15:01 PM;17;0,552094907;15/01/2013 11:35:56 AM;15;0,4832870370;Prime Services;PROD CONTROLLER;BO Confirmed;ANALYST;Combination;Early Termination / Delivery / Close out;0;Fixed;;2,85;-185,3798946;4291;-0,2436248;EL6;BL6;1;2,06880787
15313544;13/02/2013 05:15:31 PM;13;0,719108796;16/05/2011 12:00:00 PM;16;0,5000000000;Rates;TECHSUPPORT;Terminated;AMBA;Swap;Tri-Optima;-50000000;JIBAR;18/12/2012;5,125;6673,55927;4254;105,3813939;EL7;BL2;1;639,2191088
25274097;17/01/2013 11:07:07 AM;17;0,463275463;21/12/2012 12:00:00 PM;21;0,5000000000;Bonds/Repos;MIDOFFICE;BO-BO Confirmed;ASSOCIATE;Bond;Capture Errors - Direction / Amount / Rate / CP;1000000;Fixed;;6,5;-72,8939804;4249;-0,0121809;EL7;BL2;1;26,96327546
23849032;10/01/2013 11:07:13 AM;10;0,463344907;18/12/2012 01:39:58 PM;18;0,5694212963;Commodities;PROD CONTROLLER;BO-BO Confirmed;ANALYST;Swap;Payments Related;0;Fixed;;0;0;4218;0;EL4;BL2;1;22,89392361
23610259;04/01/2013 01:28:53 PM;4;0,561724537;19/12/2011 06:01:11 PM;19;0,7508217593;Derivatives;TECHSUPPORT;BO-BO Confirmed;ASSOCIATE;CreditDefaultSwap;Calendar Related;50000000;Fixed;;0,35;8,162167;4173;-0,134094445;EL7;BL2;1;381,8109028
23697306;06/03/2013 09:44:57 AM;6;0,406215278;16/10/2012 04:48:52 PM;16;0,7006018519;Commodities;PROD CONTROLLER;BO-BO Confirmed;ANALYST;Future/Forward;Payments Related;0;Missing;;0;-8,80E-06;4173;-0,116719958;EL4;BL2;1;140,7056134
4394733;24/01/2013 10:57:53 AM;24;0,456863426;29/09/2006 04:35:19 PM;29;0,6911921296;Rates;TECHSUPPORT;BO-BO Confirmed;ASSOCIATE;IndexLinkedSwap;CPI Fixings;-30000000;JIBAR;01/11/2012;5,075;14410,1982;4066;679,3936877;EL6;BL2;1;2308,765671
18802598;23/01/2013 01:05:42 PM;23;0,545625;12/12/2012 12:00:00 PM;12;0,5000000000;Equity;TECHSUPPORT;BO-BO Confirmed;DIRECTOR;TotalReturnSwap;Corrected NDEUSSA Reset Level;0;Missing;;0;0,961126;4065;-0,229626297;EL6;BL2;1;42,045625
23535853;14/03/2013 12:23:48 PM;14;0,516527778;08/10/2012 12:12:48 PM;8;0,5088888889;Commodities;PROD CONTROLLER;BO Confirmed;VICE PRINCIPAL;Other;Fees/Commissions Related;0;Fixed;;0;0;3953;0;EL4;BL2;1;157,0076389
23577534;05/02/2013 12:33:27 PM;5;0,523229167;07/09/2012 12:00:00 PM;7;0,5000000000;Derivatives;MIDOFFICE;BO-BO Confirmed;ASSOCIATE;Other;Payments Related;38874150;Fixed;;5,5;0;3948;0;EL4;BL1;1;151,0232292
24251679;19/02/2013 10:46:08 AM;19;0,448703704;16/11/2012 10:56:11 AM;16;0,4556828704;Equity;TECHSUPPORT;BO-BO Confirmed;DIRECTOR;Other;Trade enrichment for system flow;0;JIBAR;28/10/2010;5,905;-0,008444679;3861;0,24943243;EL7;BL2;1;94,99302083
24936269;09/01/2013 12:57:57 PM;9;0,540243056;14/12/2012 03:10:39 PM;14;0,6323958333;Equity;TECHSUPPORT;BO Confirmed;DIRECTOR;TotalReturnSwap;Operations request to change Economics of Trade;0;Fixed;;7,07;442,027185;3843;0,454285027;EL1;BL2;1;25,90784722
23385083;14/01/2013 05:49:31 PM;14;0,742719907;10/01/2013 12:00:00 PM;10;0,5000000000;Rates;TECHSUPPORT;BO-BO Confirmed;ASSOCIATE;Swap;Calendar Related;6000000;Fixed;;4,875;8828,979786;3814;1,987932725;EL7;BL2;1;4,242719907
25992796;13/03/2013 01:50:38 PM;13;0,576828704;12/02/2013 12:00:00 PM;12;0,5000000000;Prime Services;PROD CONTROLLER;BO Confirmed;ANALYST;Swap;Early Termination / Delivery / Close out;215000000;Fixed;;0;3769,336056;3769;0;EL6;BL6;1;29,0768287
23366698;04/02/2013 03:04:03 PM;4;0,6278125;01/10/2012 12:00:00 PM;1;0,5000000000;Prime Services;PROD CONTROLLER;BO Confirmed;ANALYST;SecurityLoan;Early Termination / Delivery / Close out;73960322;Fixed;;0;2916,699735;3766;-0,63589695;EL6;BL6;1;126,1278125
18547809;28/02/2013 11:52:15 AM;28;0,494618056;04/01/2012 08:35:33 AM;4;0,3580208333;Commodities;PROD CONTROLLER;BO Confirmed;VICE PRINCIPAL;Option;Fees/Commissions Related;0;Missing;;0;138,094445;3701;-0,090267715;EL4;BL2;1;421,1365972
25782228;06/03/2013 03:42:58 PM;6;0,654837963;06/02/2013 12:00:00 PM;6;0,5000000000;Prime Services;TECHSUPPORT;Terminated;AMBA;Swap;Capture Errors - Direction / Amount / Rate / CP;53400000;JIBAR;08/02/2013;5,081;-304,229011;3525;-0,000896231;EL4;BL2;1;28,15483796
20026133;05/02/2013 04:20:08 PM;5;0,680648148;31/01/2012 03:42:16 PM;31;0,6543518519;Commodities;PROD CONTROLLER;BO Confirmed;VICE PRINCIPAL;Swap;Payments Related;0;Fixed;;0;0,0001277;3477;0,055001523;EL4;BL2;1;371,0262963
20026133;04/01/2013 10:30:46 AM;4;0,438032407;27/12/2012 12:11:25 PM;27;0,5079282407;Commodities;TECHSUPPORT;BO Confirmed;VICE PRINCIPAL;Swap;Payments Related;0;Fixed;;0;-0,0320667;3437;0,048399398;EL4;BL2;1;7,930104167
23367479;06/02/2013 04:31:06 PM;6;0,688263889;01/10/2012 12:00:00 PM;1;0,5000000000;Prime Services;TECHSUPPORT;BO Confirmed;ANALYST;Swap;Capture Errors - Direction / Amount / Rate / CP;-414440000;Fixed;;0,3;2,18E-11;3420;-2,18E-11;EL7;BL6;1;128,1882639
26252495;14/03/2013 02:11:56 PM;14;0,59162037;26/02/2013 11:41:02 AM;26;0,4868287037;Prime Services;PROD CONTROLLER;BO Confirmed;ANALYST;SecurityLoan;Early Termination / Delivery / Close out;0;Fixed;;2,28;-330,549478;3399;0;EL6;BL6;1;16,10479167
18547809;19/03/2013 08:16:06 AM;19;0,344513889;04/01/2012 08:35:33 AM;4;0,3580208333;Commodities;PROD CONTROLLER;BO Confirmed;VICE PRINCIPAL;FRN;Fees/Commissions Related;0;Missing;;0;72,399049;3277;0,666057876;EL4;BL2;1;439,9864931
25782077;06/03/2013 03:42:27 PM;6;0,654479167;06/02/2013 12:00:00 PM;6;0,5000000000;Prime Services;TECHSUPPORT;Terminated;AMBA;Swap;Capture Errors - Direction / Amount / Rate / CP;-33800000;JIBAR;06/02/2013;5,081;1697,835177;3271;1,22625537;EL4;BL2;1;28,15447917
18960959;01/03/2013 11:30:55 AM;1;0,479803241;31/01/2012 03:42:16 PM;31;0,6543518519;Commodities;PROD CONTROLLER;BO Confirmed;VICE PRINCIPAL;Swap;Payments Related;0;Fixed;;0;-0,2287432;3197;-0,159293164;EL4;BL2;1;394,8254514
26322387;14/03/2013 02:11:32 PM;14;0,591342593;28/02/2013 11:40:14 AM;28;0,4862731481;Prime Services;PROD CONTROLLER;BO Confirmed;ANALYST;SecurityLoan;Early Termination / Delivery / Close out;0;Fixed;;2,28;-303,3637585;3124;0;EL6;BL6;1;14,10506944
26716388;15/03/2013 02:58:08 PM;15;0,623703704;14/03/2013 04:33:52 PM;14;0,6901851852;Commodities;PROD CONTROLLER;BO Confirmed;AMBA;TotalReturnSwap;Valuation Group Request;25000;Missing;;0;-108,1504543;3099;-1,034088027;EL7;BL2;1;0,933518519
20026133;01/03/2013 11:30:29 AM;1;0,479502315;04/04/2012 11:33:44 AM;4;0,4817592593;Commodities;PROD CONTROLLER;BO Confirmed;VICE PRINCIPAL;Swap;Payments Related;0;Fixed;;0;-0,6783853;3046;0,405378762;EL4;BL2;1;330,9977431
24251679;19/03/2013 08:01:17 AM;19;0,334224537;16/11/2012 10:56:11 AM;16;0,4556828704;Equity;TECHSUPPORT;BO-BO Confirmed;DIRECTOR;Option;Capture Errors - Direction / Amount / Rate / CP;0;JIBAR;28/10/2010;5,905;9,46855063;3038;-1,106257858;EL7;BL2;1;122,8785417
25227735;30/01/2013 10:24:31 AM;30;0,43369213;14/12/2010 12:22:03 PM;14;0,5153125000;MM;TECHSUPPORT;BO Confirmed;MNGDIRECTOR;TotalReturnSwap;Calendar Related;0;Fixed;;4,5;4427,481963;2927;2934,271461;EL7;BL2;1;777,9183796
25227735;30/01/2013 01:15:19 PM;30;0,552303241;21/01/2013 11:06:46 AM;21;0,4630324074;MM;TECHSUPPORT;BO Confirmed;MNGDIRECTOR;Swap;Calendar Related;0;Fixed;;;;2927;2934,271461;EL7;BL2;1;9,089270833
24251679;18/01/2013 10:20:19 AM;18;0,430775463;14/10/2011 10:23:38 AM;14;0,4330787037;Equity;TECHSUPPORT;BO-BO Confirmed;DIRECTOR;Other;Payments Related;0;JIBAR;28/10/2010;5,905;-2,44001731;2913;0,303746553;EL4;BL2;1;461,9976968
26093233;01/03/2013 09:06:20 AM;1;0,379398148;18/02/2013 12:00:00 PM;18;0,5000000000;Prime Services;TECHSUPPORT;BO Confirmed;ANALYST;SecurityLoan;Calendar Related;111544499;Missing;22/02/2013;0,3078;1895,383521;2864;-8,00E-08;EL7;BL6;1;10,87939815
26628894;13/03/2013 10:54:19 AM;13;0,454386574;12/03/2013 11:58:33 AM;12;0,4989930556;Bonds/Repos;MIDOFFICE;BO-BO Confirmed;ASSOCIATE;Bond;Calendar Related;-32300000;Fixed;;10,5;-8462,966414;2862;-0,005928232;EL7;BL2;1;0,955393519
13534331;06/02/2013 08:14:12 AM;6;0,343194444;30/01/2013 05:24:43 PM;30;0,7254976852;Commodities;PROD CONTROLLER;BO Confirmed;ANALYST;Swap;Payments Related;0;Fixed;;0;-0,0266389;2855;-0,028278409;EL4;BL2;1;6,617696759
25801640;08/02/2013 08:57:51 AM;8;0,373506944;23/01/2013 10:53:50 AM;23;0,4540509259;Bonds/Repos;TECHSUPPORT;BO-BO Confirmed;ASSOCIATE;Bond;Capture Errors - Direction / Amount / Rate / CP;-21000000;Fixed;;13,5;-350,3516655;2813;0;EL7;BL2;1;15,91945602
24251679;02/01/2013 10:18:16 AM;2;0,429351852;16/11/2012 10:56:11 AM;16;0,4556828704;Equity;TECHSUPPORT;BO-BO Confirmed;DIRECTOR;Swap;Payments Related;0;JIBAR;28/10/2010;5,905;-1,986348819;2811;-0,047760793;EL4;BL2;1;46,97366898
24572958;04/01/2013 02:28:31 PM;4;0,603136574;04/12/2012 03:58:03 PM;4;0,6653125000;Prime Services;TECHSUPPORT;BO Confirmed;ANALYST;SecurityLoan;Calendar Related;-341010912;Missing;04/01/2013;0,3;0;2803;-5,00E-12;EL7;BL6;1;30,93782407
13534271;04/01/2013 10:30:02 AM;4;0,437523148;31/01/2012 03:42:16 PM;31;0,6543518519;Commodities;TECHSUPPORT;BO Confirmed;ANALYST;Swap;Payments Related;1;Fixed;;0;-4,752309999;2798;-0,048161752;EL4;BL2;1;338,7831713
25909389;06/03/2013 10:24:31 AM;6;0,43369213;12/02/2013 01:32:15 PM;12;0,5640625000;MM;TECHSUPPORT;BO Confirmed;DIRECTOR;Swap;Calendar Related;0;Fixed;;4,95;2,33E-05;2712;0;EL7;BL5;1;21,86962963
21921347;19/02/2013 03:30:39 PM;19;0,646284722;18/07/2012 05:39:27 PM;18;0,7357291667;Africa;PROD ACCOUNTANT;BO-BO Confirmed;ANALYST;FRN;Capture Errors - Direction / Amount / Rate / CP;29000000;Fixed;;14,7;1409,063;2668;-195,9923426;EL7;BL2;1;215,9105556
1582692;01/02/2013 11:00:26 AM;1;0,458634259;18/02/2010 12:33:12 PM;18;0,5230555556;MM;UNAUTHORISED;BO Confirmed;DIRECTOR;Call Deposit;System Update Call Accounts;0;Missing;01/02/2013;4,8;-1,00E-04;2630;0;EL6;BL5;1;1078,935579
24915989;08/03/2013 01:01:18 PM;8;0,542569444;21/12/2012 09:39:02 AM;21;0,4021064815;Commodities;PROD CONTROLLER;BO Confirmed;ANALYST;Call Deposit;Payments Related;0;Missing;;0;0;2580;0;EL4;BL2;1;77,14046296
25463427;25/01/2013 10:38:19 AM;25;0,443275463;29/12/2006 12:00:00 PM;29;0,5000000000;Rates;TECHSUPPORT;BO Confirmed;DIRECTOR;Call Deposit;Trade enrichment for system flow;0;JIBAR;;;;2574;-4,81230815;EL1;BL2;1;2218,943275
18559756;08/01/2013 11:20:38 AM;8;0,472662037;04/12/2012 05:06:26 PM;4;0,7128009259;Equity;TECHSUPPORT;BO Confirmed;ANALYST;Swap;Payments Related;0;Fixed;;1;-154,95871;2541;0,004494339;EL4;BL2;1;34,75986111
25685321;04/02/2013 06:01:36 PM;4;0,751111111;04/01/2012 03:22:59 PM;4;0,6409606481;Rates;TECHSUPPORT;BO Confirmed;DIRECTOR;IndexLinkedBond;Valuation Group Request;0;JIBAR;;;;2538;-0,429272509;EL7;BL2;1;397,1101505
26083617;01/03/2013 09:07:21 AM;1;0,380104167;20/02/2013 09:14:07 AM;20;0,3848032407;Prime Services;TECHSUPPORT;BO Confirmed;ANALYST;SecurityLoan;Calendar Related;-178534356;Missing;26/02/2013;0,513;0;2509;0;EL7;BL6;1;8,995300926
26083617;04/03/2013 08:52:08 AM;4;0,369537037;20/02/2013 09:14:07 AM;20;0,3848032407;Prime Services;TECHSUPPORT;BO Confirmed;ANALYST;SecurityLoan;Calendar Related;-178534356;Missing;26/02/2013;0,513;-5018,527364;2509;0;EL7;BL6;1;11,9847338
24576789;04/01/2013 02:29:53 PM;4;0,604085648;04/12/2012 04:48:02 PM;4;0,7000231481;Prime Services;TECHSUPPORT;BO Confirmed;ANALYST;SecurityLoan;Calendar Related;-304843088;Missing;04/01/2013;0,3;-9,99E-09;2506;-9,09E-13;EL7;BL6;1;30,9040625
25071136;25/01/2013 01:08:19 PM;25;0,54744213;04/01/2013 11:38:06 AM;4;0,4847916667;Prime Services;PROD CONTROLLER;BO Confirmed;ANALYST;Deposit;Early Termination / Delivery / Close out;0;Fixed;;0,3;0;2501;0;EL6;BL6;1;21,06265046
13881161;01/02/2013 11:56:36 AM;1;0,497638889;29/12/2006 12:00:00 PM;29;0,5000000000;MM;PROD ACCOUNTANT;BO Confirmed;MNGDIRECTOR;Call Deposit;System Update Call Accounts;0;Missing;01/02/2013;;;2483;0;EL6;BL3;1;2225,997639
25009067;30/01/2013 03:54:48 PM;30;0,663055556;04/10/2007 03:46:35 PM;4;0,6573495370;Prime Services;PROD CONTROLLER;BO Confirmed;ANALYST;SecurityLoan;Early Termination / Delivery / Close out;116732612;Missing;30/01/2013;0,399;1847,662485;2380;0,41190195;EL6;BL6;1;1945,005706
24603288;21/02/2013 09:25:24 AM;21;0,392638889;04/12/2012 05:06:26 PM;4;0,7128009259;Derivatives;MIDOFFICE;BO-BO Confirmed;ASSOCIATE;Swap;Calendar Related;20000000;Fixed;;0,48;-46,277543;2360;0,56878273;EL7;BL2;1;78,67983796
24925090;16/01/2013 11:51:39 AM;16;0,494201389;21/12/2012 12:40:25 PM;21;0,5280671296;Prime Services;PROD CONTROLLER;BO Confirmed;ANALYST;SecurityLoan;Early Termination / Delivery / Close out;-18842600;Missing;31/12/2012;2,85;-302,4281821;2332;0,0276162;EL6;BL6;1;25,96613426
21327994;11/03/2013 09:18:55 AM;11;0,388136574;18/06/2012 02:23:35 PM;18;0,5997106481;Equity;TECHSUPPORT;BO-BO Confirmed;ANALYST;Future/Forward;Calendar Related;-20;Missing;;0;-188,9383;2318;0,284500001;EL7;BL2;1;265,7884259
23366706;04/02/2013 03:04:49 PM;4;0,628344907;01/10/2012 12:00:00 PM;1;0,5000000000;Prime Services;PROD CONTROLLER;BO Confirmed;ANALYST;SecurityLoan;Early Termination / Delivery / Close out;44675340;Fixed;;0;1761,816988;2275;-0,38411018;EL6;BL6;1;126,1283449
26549424;15/03/2013 09:23:03 AM;15;0,391006944;08/03/2013 04:28:49 AM;8;0,1866782407;Prime Services;TECHSUPPORT;BO Confirmed;ATS;Swap;Portfolio Move / Restructure;83205676;Missing;12/03/2013;0,3078;1459,038992;2272;3,70E-08;EL1;BL6;1;7,204328704
25123893;11/01/2013 09:22:19 AM;11;0,390497685;07/01/2013 11:38:16 AM;7;0,4849074074;Equity;TECHSUPPORT;BO Confirmed;ASSOCIATE;Option;Trade enrichment for system flow;729;Missing;;0;-2004,302559;2221;2229,524083;EL7;BL2;1;3,905590278
24251679;15/02/2013 02:25:20 PM;15;0,600925926;16/11/2012 10:56:11 AM;16;0,4556828704;Equity;TECHSUPPORT;BO-BO Confirmed;DIRECTOR;Curr;Trade enrichment for system flow;0;JIBAR;28/10/2010;5,905;-6,475891924;2211;0,02143841;EL7;BL2;1;91,14524306
1896470;24/01/2013 10:57:48 AM;24;0,456805556;04/03/2008 12:28:41 PM;4;0,5199189815;SND;TECHSUPPORT;BO-BO Confirmed;ASSOCIATE;IndexLinkedBond;CPI Fixings;0;Fixed;;6,25;656,54003;2192;0,004841226;EL6;BL3;1;1786,936887
25440727;25/01/2013 01:52:15 PM;25;0,577951389;02/11/2010 03:25:50 PM;2;0,6429398148;Bonds/Repos;TECHSUPPORT;BO-BO Confirmed;ASSOCIATE;Other;Capture Errors - Direction / Amount / Rate / CP;50000000;Fixed;;10,5;4290,673387;2054;-0,9166335;EL7;BL2;1;814,9350116
26580931;11/03/2013 03:01:41 PM;11;0,626168981;08/03/2013 04:54:22 PM;8;0,7044212963;Derivatives;MIDOFFICE;BO Confirmed;ASSOCIATE;Repo/Reverse;Calendar Related;50000000;LIBOR;07/03/2013;0,28;2030,053348;1960;0,297275801;EL7;BL2;1;2,921747685
11744908;13/02/2013 09:02:40 AM;13;0,376851852;28/09/2010 01:40:36 PM;28;0,5698611111;Equity;UNAUTHORISED;BO Confirmed;DIRECTOR;SecurityLoan;Capture Errors - Direction / Amount / Rate / CP;-438;Missing;;0;0,728800001;1906;922,6791601;EL7;BL2;1;868,8069907
22668269;14/01/2013 12:31:46 PM;14;0,522060185;27/12/2012 12:11:08 PM;27;0,5077314815;Rates;TECHSUPPORT;BO-BO Confirmed;ASSOCIATE;Swap;Calendar Related;3000000;Fixed;;4,875;4472,487527;1896;-6,293162179;EL7;BL2;1;18,0143287
13534271;05/02/2013 04:21:12 PM;5;0,681388889;31/01/2011 12:00:00 PM;31;0,5000000000;Commodities;PROD CONTROLLER;BO Confirmed;ANALYST;Swap;Payments Related;1;Fixed;;0;0,01578;1852;-1,123072685;EL4;BL2;1;736,1813889
4408251;10/01/2013 03:49:11 PM;10;0,659155093;16/05/2012 10:00:02 AM;16;0,4166898148;MM;UNAUTHORISED;BO Confirmed;DIRECTOR;Call Deposit;System Update Call Accounts;0;LIBOR;01/01/2013;4,75;0;1823;0;EL6;BL5;1;239,2424653
25857350;14/02/2013 11:09:03 AM;14;0,464618056;08/02/2013 03:48:17 PM;8;0,6585300926;Prime Services;PROD CONTROLLER;BO Confirmed;ANALYST;Curr;Early Termination / Delivery / Close out;0;Fixed;;2,85;2,471821307;1819;0,07837539;EL6;BL6;1;5,806087963
25857468;21/02/2013 03:05:04 PM;21;0,628518519;08/02/2013 03:44:16 PM;8;0,6557407407;Prime Services;PROD CONTROLLER;BO Confirmed;ANALYST;Other;Early Termination / Delivery / Close out;0;Fixed;;2,28;-74,45187921;1733;0,11930323;EL6;BL6;1;12,97277778
20026103;05/02/2013 04:19:46 PM;5;0,680393519;04/04/2012 11:33:44 AM;4;0,4817592593;Commodities;PROD CONTROLLER;BO Confirmed;VICE PRINCIPAL;Swap;Payments Related;1;Fixed;;0;5,21E-05;1720;0,014049136;EL4;BL2;1;307,1986343
24933058;05/03/2013 04:06:11 PM;5;0,670960648;21/12/2012 02:25:16 PM;21;0,6008796296;MM;PROD ACCOUNTANT;BO Confirmed;VICE PRINCIPAL;CurrSwap;Early Termination / Delivery / Close out;10906667;PRIME;31/12/2012;8,5;1718,1735;1718;-8,73E-10;EL1;BL2;1;74,07008102
25773461;22/02/2013 08:41:37 AM;22;0,362233796;06/02/2013 09:30:24 AM;6;0,3961111111;Prime Services;PROD CONTROLLER;BO Confirmed;ANALYST;SecurityLoan;Early Termination / Delivery / Close out;44695154;Fixed;;0,3762;548,6742752;1716;0,12197269;EL6;BL6;1;15,96612269
25782147;06/03/2013 03:42:38 PM;6;0,654606481;06/02/2013 12:00:00 PM;6;0,5000000000;Prime Services;TECHSUPPORT;Terminated;AMBA;Swap;Capture Errors - Direction / Amount / Rate / CP;25600000;JIBAR;08/02/2013;5,081;-145,8476158;1690;0,9516592;EL4;BL2;1;28,15460648
2337339;24/01/2013 10:57:50 AM;24;0,456828704;08/07/2008 10:06:10 AM;8;0,4209490741;SND;TECHSUPPORT;BO-BO Confirmed;ASSOCIATE;IndexLinkedBond;CPI Fixings;0;Fixed;;3,05;3653,36096;1628;242,3681835;EL6;BL3;1;1661,03588
20026103;04/01/2013 10:31:13 AM;4;0,438344907;31/12/2012 12:00:00 PM;31;0,5000000000;Commodities;TECHSUPPORT;BO Confirmed;VICE PRINCIPAL;Swap;Payments Related;1;Fixed;;0;-0,0173589;1598;0,006762699;EL4;BL2;1;3,938344907
24573065;04/01/2013 02:29:27 PM;4;0,603784722;04/12/2012 04:39:29 PM;4;0,6940856481;Prime Services;TECHSUPPORT;BO Confirmed;ANALYST;SecurityLoan;Calendar Related;-191444044;Missing;04/01/2013;0,3;0;1574;2,96E-12;EL7;BL6;1;30,90969907
26093322;01/03/2013 09:06:33 AM;1;0,379548611;18/02/2013 12:00:00 PM;18;0,5000000000;Prime Services;TECHSUPPORT;BO Confirmed;ANALYST;SecurityLoan;Calendar Related;0;Fixed;22/02/2013;0,513;0;1568;0;EL7;BL6;1;10,87954861
26093322;04/03/2013 08:52:33 AM;4;0,369826389;18/02/2013 12:00:00 PM;18;0,5000000000;Prime Services;TECHSUPPORT;BO Confirmed;ANALYST;SecurityLoan;Calendar Related;0;Fixed;22/02/2013;0,513;-3135,470036;1568;0;EL7;BL6;1;13,86982639
26093322;05/03/2013 09:13:49 AM;5;0,384594907;18/02/2013 12:00:00 PM;18;0,5000000000;Prime Services;TECHSUPPORT;BO Confirmed;ANALYST;SecurityLoan;Capture Errors - Direction / Amount / Rate / CP;0;Fixed;;0,513;0;1568;0;EL7;BL6;1;14,88459491
25781570;06/03/2013 03:42:48 PM;6;0,654722222;06/02/2013 12:00:00 PM;6;0,5000000000;Prime Services;TECHSUPPORT;Terminated;AMBA;Swap;Capture Errors - Direction / Amount / Rate / CP;-16200000;JIBAR;06/02/2013;5,081;813,7553218;1568;0,467159688;EL4;BL2;1;28,15472222
25292627;17/01/2013 03:12:20 PM;17;0,633564815;17/08/2012 03:40:33 PM;17;0,6531597222;Rates;TECHSUPPORT;BO Confirmed;DIRECTOR;CurrSwap;Valuation Group Request;0;JIBAR;;;;1563;-4,222941649;EL7;BL2;1;152,9804051
18547809;25/01/2013 08:50:14 AM;25;0,368217593;08/09/2010 09:21:36 AM;8;0,3900000000;Commodities;PROD CONTROLLER;BO Confirmed;VICE PRINCIPAL;Bond;Payments Related;0;Missing;;0;0,833111;1534;-0,001087813;EL4;BL2;1;869,9782176
26084081;04/03/2013 08:51:35 AM;4;0,369155093;20/02/2013 09:33:20 AM;20;0,3981481481;Prime Services;TECHSUPPORT;BO Confirmed;ANALYST;SecurityLoan;Calendar Related;179082467;Missing;26/02/2013;0,3078;9125,818084;1533;9,09E-13;EL7;BL6;1;11,97100694
25098556;11/01/2013 09:22:42 AM;11;0,390763889;07/01/2013 11:46:57 AM;7;0,4909375000;Equity;TECHSUPPORT;BO Confirmed;MNGDIRECTOR;Option;Trade enrichment for system flow;373;Missing;;0;-1284,888636;1529;1534,597483;EL7;BL2;1;3,899826389
20026103;01/03/2013 11:30:03 AM;1;0,479201389;04/04/2012 11:33:09 AM;4;0,4813541667;Commodities;PROD CONTROLLER;BO Confirmed;VICE PRINCIPAL;Swap;Payments Related;1;Fixed;;0;-0,0087952;1518;0,219230502;EL4;BL2;1;330,9978472
26549424;20/03/2013 08:19:24 AM;20;0,346805556;08/03/2013 04:28:49 AM;8;0,1866782407;Prime Services;TECHSUPPORT;BO Confirmed;ATS;Call Deposit;Calendar Related;83205676;Missing;12/03/2013;0,3078;1459,529127;1516;-0,00207228;EL7;BL6;1;12,16012731
25849613;18/02/2013 10:00:54 AM;18;0,417291667;08/02/2013 12:51:20 PM;8;0,5356481481;Africa;PROD ACCOUNTANT;BO-BO Confirmed;MNGDIRECTOR;Other;Capture Errors - Direction / Amount / Rate / CP;128000000;Fixed;;4;5285,97302;1508;0,010483148;EL7;BL3;1;9,881643519
25312693;21/01/2013 09:12:53 AM;21;0,383946759;04/01/2012 08:35:33 AM;4;0,3580208333;Prime Services;TECHSUPPORT;BO Confirmed;ANALYST;SecurityLoan;Calendar Related;103288978;Missing;18/01/2013;0;4497,58893;1500;4,00E-09;EL7;BL6;1;383,0259259
25613813;14/02/2013 11:08:49 AM;14;0,464456019;08/02/2013 03:42:47 PM;8;0,6547106481;Rates;PROD CONTROLLER;BO Confirmed;MNGDIRECTOR;Other;Capture Errors - Direction / Amount / Rate / CP;-181200000;JIBAR;04/02/2013;5,081;-21879,053;1489;91,62425185;EL7;BL2;1;5,80974537
24685713;17/01/2013 09:59:01 AM;17;0,415983796;14/12/2012 10:49:41 AM;14;0,4511689815;Prime Services;PROD CONTROLLER;BO Confirmed;ANALYST;SecurityLoan;Early Termination / Delivery / Close out;70017750;Fixed;;0,399;1114,150943;1486;0,6016432;EL6;BL6;1;33,96481481
24251679;26/02/2013 09:29:40 AM;26;0,395601852;16/11/2012 10:56:11 AM;16;0,4556828704;Equity;TECHSUPPORT;BO-BO Confirmed;DIRECTOR;Curr;Calendar Related;0;JIBAR;28/10/2010;5,905;0,000181905;1465;0,692208477;EL7;BL2;1;101,939919
23366735;04/02/2013 03:21:35 PM;4;0,639988426;01/02/2013 02:30:10 PM;1;0,6042824074;Prime Services;PROD CONTROLLER;BO Confirmed;ANALYST;SecurityLoan;Early Termination / Delivery / Close out;27586940;Fixed;;0;1087,918743;1405;-0,23718732;EL6;BL6;1;3,035706019
17561576;06/03/2013 04:33:13 PM;6;0,689733796;25/10/2011 03:30:18 PM;25;0,6460416667;Equity;TECHSUPPORT;BO-BO Confirmed;ANALYST;Swap;Fees/Commissions Related;1000000;Fixed;;0;0;1375;-0,956357;EL4;BL2;1;498,0436921
25312693;22/01/2013 10:29:53 AM;22;0,437418981;26/09/2012 05:03:51 PM;26;0,7110069444;Prime Services;TECHSUPPORT;BO Confirmed;ANALYST;SecurityLoan;Calendar Related;103288978;Missing;18/01/2013;0;1358,136477;1358;0;EL7;BL6;1;117,726412
25312693;23/01/2013 08:22:23 AM;23;0,348877315;04/01/2012 08:35:33 AM;4;0,3580208333;Prime Services;TECHSUPPORT;BO Confirmed;ANALYST;SecurityLoan;Calendar Related;103288978;Missing;18/01/2013;0;1358,136477;1358;0;EL7;BL6;1;384,9908565
26628918;13/03/2013 10:54:00 AM;13;0,454166667;12/03/2013 11:58:54 AM;12;0,4992361111;Bonds/Repos;MIDOFFICE;BO-BO Confirmed;ASSOCIATE;Bond;Calendar Related;-17800000;Fixed;;6,25;-3991,682443;1347;-0,4115282;EL7;BL2;1;0,954930556
25068896;21/01/2013 09:00:38 AM;21;0,375439815;14/01/2013 12:00:00 PM;14;0,5000000000;Prime Services;PROD CONTROLLER;BO Confirmed;ANALYST;SecurityLoan;Early Termination / Delivery / Close out;0;Fixed;;0,3078;3362,801139;1344;0,335494647;EL6;BL6;1;6,875439815
23830800;09/01/2013 08:20:23 AM;9;0,347488426;04/01/2012 08:35:33 AM;4;0,3580208333;SND;TECHSUPPORT;BO-BO Confirmed;ANALYST;CreditDefaultSwap;Capture Errors - Direction / Amount / Rate / CP;0;Missing;;0;-326,867411;1334;0,24796975;EL7;BL3;1;370,9894676
25434512;28/01/2013 08:16:56 AM;28;0,345092593;25/01/2013 02:45:41 PM;25;0,6150578704;Equity;TECHSUPPORT;BO Confirmed;DIRECTOR;Swap;Calendar Related;194738;Missing;;0;-682,7478403;1325;-0,20813684;EL7;BL2;1;2,730034722
24601467;18/01/2013 11:29:02 AM;18;0,47849537;18/02/2010 12:33:12 PM;18;0,5230555556;Prime Services;PROD CONTROLLER;BO Confirmed;ANALYST;SecurityLoan;Early Termination / Delivery / Close out;24398169;Fixed;;0,2736;388,0733572;1323;-1,512486265;EL6;BL6;1;1064,95544
1582692;25/01/2013 10:45:20 AM;25;0,448148148;24/01/2013 10:53:50 AM;24;0,4540509259;MM;UNAUTHORISED;BO Confirmed;DIRECTOR;Swap;System Update Call Accounts;0;Missing;01/01/2013;4,8;-1,00E-04;1315;1,86E-09;EL6;BL5;1;0,994097222
25194622;30/01/2013 01:43:12 PM;30;0,571666667;24/01/2013 05:32:19 PM;24;0,7307754630;Prime Services;PROD CONTROLLER;BO Confirmed;ANALYST;Other;Early Termination / Delivery / Close out;0;Fixed;;2,85;-132,9982824;1300;-0,0293451;EL6;BL6;1;5,840891204
25468208;25/01/2013 11:36:52 AM;25;0,483935185;24/01/2013 01:59:47 PM;24;0,5831828704;Commodities;PROD CONTROLLER;BO Confirmed;AMBA;ETF;Brokerage Related;29955;Missing;;0;-650,8487046;1225;0,08896361;EL7;BL2;1;0,900752315
24251679;06/03/2013 01:07:14 PM;6;0,546689815;16/11/2012 10:56:11 AM;16;0,4556828704;Equity;TECHSUPPORT;BO-BO Confirmed;DIRECTOR;Swap;Trade enrichment for system flow;0;JIBAR;28/10/2010;5,905;-0,000267087;1216;-0,223943878;EL7;BL2;1;110,0910069
26137863;22/02/2013 08:00:27 AM;22;0,333645833;21/02/2013 01:29:26 PM;21;0,5621064815;Rates;TECHSUPPORT;BO Confirmed;DIRECTOR;Swap;Trade enrichment for system flow;0;JIBAR;;;;1181;-0,009937094;EL1;BL2;1;0,771539352
26549423;13/03/2013 09:28:52 AM;13;0,395046296;08/03/2013 04:28:49 AM;8;0,1866782407;Prime Services;TECHSUPPORT;BO Confirmed;ATS;SecurityLoan;Calendar Related;-83985586;Missing;12/03/2013;0,513;0;1180;0;EL7;BL6;1;5,208368056
26549423;14/03/2013 10:52:54 AM;14;0,453402778;08/03/2013 04:28:49 AM;8;0,1866782407;Prime Services;TECHSUPPORT;BO Confirmed;ATS;SecurityLoan;Calendar Related;-83985586;Missing;;0,513;0;1180;0;EL7;BL6;1;6,266724537
26549423;15/03/2013 09:23:15 AM;15;0,391145833;08/03/2013 04:28:49 AM;8;0,1866782407;Prime Services;TECHSUPPORT;BO Confirmed;ATS;SecurityLoan;Calendar Related;-83985586;Missing;12/03/2013;0,513;0;1180;0;EL7;BL6;1;7,204467593
26549423;18/03/2013 08:03:20 AM;18;0,335648148;08/03/2013 04:28:49 AM;8;0,1866782407;Prime Services;TECHSUPPORT;BO Confirmed;ATS;SecurityLoan;Calendar Related;-83985586;Missing;12/03/2013;0,513;-2360,800313;1180;0;EL7;BL6;1;10,14896991
26549423;19/03/2013 08:27:24 AM;19;0,352361111;08/03/2013 04:28:49 AM;8;0,1866782407;Prime Services;TECHSUPPORT;BO Confirmed;ATS;SecurityLoan;Calendar Related;-83985586;Missing;12/03/2013;0,513;0;1180;0;EL7;BL6;1;11,16568287
26549423;20/03/2013 08:19:37 AM;20;0,346956019;08/03/2013 04:28:49 AM;8;0,1866782407;Prime Services;TECHSUPPORT;BO Confirmed;ATS;SecurityLoan;Calendar Related;-83985586;Missing;12/03/2013;0,513;0;1180;0;EL7;BL6;1;12,16027778
24769806;17/01/2013 10:37:38 AM;17;0,442800926;21/12/2012 01:39:25 PM;21;0,5690393519;Prime Services;PROD CONTROLLER;BO Confirmed;ANALYST;SecurityLoan;Early Termination / Delivery / Close out;55136000;Fixed;;0,399;877,3464784;1171;0,47376841;EL6;BL6;1;26,87376157
24251679;12/03/2013 09:30:42 AM;12;0,396319444;16/11/2012 10:56:11 AM;16;0,4556828704;Equity;TECHSUPPORT;BO-BO Confirmed;DIRECTOR;Curr;Capture Errors - Direction / Amount / Rate / CP;0;JIBAR;28/10/2010;5,905;-3,67E-06;1115;0,019412717;EL7;BL2;1;115,9406366
24357131;19/02/2013 02:45:12 PM;19;0,614722222;22/11/2012 03:29:26 PM;22;0,6454398148;Commodities;PROD CONTROLLER;BO-BO Confirmed;DIRECTOR;Swap;Calendar Related;10700;Missing;;0;-452,35688;1066;-3,00E-06;EL7;BL2;1;88,96928241
22481943;15/03/2013 03:25:40 PM;15;0,642824074;17/08/2012 03:40:33 PM;17;0,6531597222;Africa;PROD ACCOUNTANT;BO-BO Confirmed;MNGDIRECTOR;Deposit;Trade enrichment for system flow;105193859;TBILL-3M;13/03/2013;5,04;-1079,016117;1066;-1,841265574;EL8;BL2;1;209,9896644
26372418;14/03/2013 02:10:15 PM;14;0,590451389;01/03/2013 10:45:08 AM;1;0,4480092593;Prime Services;PROD CONTROLLER;BO Confirmed;ANALYST;SecurityLoan;Early Termination / Delivery / Close out;0;Fixed;;2,28;-100,0352335;1030;0;EL6;BL6;1;13,14244213
26073090;21/02/2013 02:14:37 PM;21;0,593483796;19/02/2013 02:51:01 PM;19;0,6187615741;Commodities;PROD CONTROLLER;BO Confirmed;DIRECTOR;Curr;Commodities Early Delivery;-7254370;Missing;;0;-1016,99317;1012;1,742350766;EL7;BL2;1;1,974722222
